source,contract_type,channel_type,from_state,from_order,to_state,to_order,n_loans,n_from,roll_rate,n_month_gap,n_exposure_null,n_exposure_null_from,exposure_from,exposure_from_total,exposure_roll_rate,exposure_to
credit_card,(không rõ),(không rõ),B1 1-30,1,Closed,5,2,33860,5.906674542232723e-05,0,0,0,1786.05,3254684692.7700005,5.487628352963207e-07,0.0
credit_card,(không rõ),(không rõ),B1 1-30,1,B0 Current,0,19623,33860,0.5795333727111636,0,0,0,1896272967.6450005,3254684692.7700005,0.5826287787131597,1656374443.290001
credit_card,(không rõ),(không rõ),B1 1-30,1,B3 61-90,3,9,33860,0.0002658003544004725,0,0,0,37238.67,3254684692.7700005,1.1441559940575034e-05,38630.025
credit_card,(không rõ),(không rõ),B1 1-30,1,B1 1-30,1,12788,33860,0.37767277023036033,0,0,0,1327682725.65,3254684692.7700005,0.4079297538711913,1312420425.84
credit_card,(không rõ),(không rõ),B1 1-30,1,B2 31-60,2,1435,33860,0.04238038984051979,0,0,0,30053804.985,3254684692.7700005,0.009234014296918506,34024883.895
credit_card,(không rõ),(không rõ),B1 1-30,1,Missing,7,3,33860,8.860011813349085e-05,0,0,0,636169.77,3254684692.7700005,0.00019546279595476513,0.0
pos_cash,Cash loans,Credit and cash offices,B1 1-30,1,Closed,5,2066,36835,0.05608795982082259,0,0,0,166994498.835,12248688223.799994,0.013633663930682707,0.0
pos_cash,Cash loans,Credit and cash offices,B1 1-30,1,B0 Current,0,20551,36835,0.5579204560879598,0,0,0,7885952102.384995,12248688223.799994,0.643820134719576,7055876927.115001
pos_cash,Cash loans,Credit and cash offices,B1 1-30,1,B3 61-90,3,3,36835,8.144427853943261e-05,0,0,0,437443.64999999997,12248688223.799994,3.571351005163301e-05,349954.92
pos_cash,Cash loans,Credit and cash offices,B1 1-30,1,B1 1-30,1,13602,36835,0.3692683588977874,0,0,0,3948146693.37,12248688223.799994,0.3223322058029443,3645716754.420001
pos_cash,Cash loans,Credit and cash offices,B1 1-30,1,Missing,7,169,36835,0.004588027691054704,0,0,0,59849674.11,12248688223.799994,0.004886210916341899,0.0
pos_cash,Cash loans,Credit and cash offices,B1 1-30,1,B2 31-60,2,443,36835,0.012026605130989548,0,0,0,187136427.19500002,12248688223.799994,0.01527807907065361,174727308.375
pos_cash,Cash loans,Credit and cash offices,B1 1-30,1,Other,6,1,36835,2.7148092846477534e-05,0,0,0,171384.255,12248688223.799994,1.3992049750028686e-05,146900.79
credit_card,Revolving loans,Regional / Local,B0 Current,0,B1 1-30,1,1294,83099,0.015571787867483363,0,0,0,126370617.29999998,4026537887.6250024,0.03138443517156073,137666248.155
credit_card,Revolving loans,Regional / Local,B0 Current,0,Closed,5,363,83099,0.004368283613521221,0,0,0,23165.730000000003,4026537887.6250024,5.753262640641385e-06,2.835
credit_card,Revolving loans,Regional / Local,B0 Current,0,Missing,7,1494,83099,0.017978555698624533,0,0,0,32229965.475,4026537887.6250024,0.008004386491445732,0.0
credit_card,Revolving loans,Regional / Local,B0 Current,0,B0 Current,0,79948,83099,0.9620813728203709,0,0,0,3867914139.1200023,4026537887.6250024,0.9606054250743529,3939074549.055001
credit_card,Revolving loans,Regional / Local,B4 90+,4,Missing,7,19,1235,0.015384615384615385,0,0,0,3352.4550000000004,370413.22500000015,0.009050581279866557,0.0
credit_card,Revolving loans,Regional / Local,B4 90+,4,B4 90+,4,1193,1235,0.965991902834008,0,0,0,258519.7350000002,370413.22500000015,0.6979225296289032,361895.4450000004
credit_card,Revolving loans,Regional / Local,B4 90+,4,B0 Current,0,21,1235,0.01700404858299595,0,0,0,107893.62,370413.22500000015,0.2912790708269122,67334.715
credit_card,Revolving loans,Regional / Local,B4 90+,4,Closed,5,1,1235,0.0008097165991902834,0,0,0,0.0,370413.22500000015,0.0,0.0
credit_card,Revolving loans,Regional / Local,B4 90+,4,B1 1-30,1,1,1235,0.0008097165991902834,0,0,0,647.415,370413.22500000015,0.0017478182643181806,279.495
credit_card,Revolving loans,Stone,B0 Current,0,Missing,7,1292,166390,0.007764889716930104,1,0,0,22214807.684999995,8015549476.544991,0.002771464108605993,0.0
credit_card,Revolving loans,Stone,B0 Current,0,B0 Current,0,160693,166390,0.9657611635314622,0,0,0,7631352395.41499,8015549476.544991,0.9520685285201927,7615436101.424989
credit_card,Revolving loans,Stone,B0 Current,0,Closed,5,478,166390,0.002872768796201695,0,0,0,122765.44499999999,8015549476.544991,1.5315911324511794e-05,315090.63
credit_card,Revolving loans,Stone,B0 Current,0,B1 1-30,1,3927,166390,0.023601177955405974,0,0,0,361859507.99999994,8015549476.544991,0.04514469145987672,389089898.9100001
credit_card,Revolving loans,Stone,B4 90+,4,B4 90+,4,4336,4467,0.9706738303111708,0,0,0,1535800.7699999972,1562401.664999997,0.9829743557012915,1408659.6599999971
credit_card,Revolving loans,Stone,B4 90+,4,B0 Current,0,74,4467,0.016565927915827176,0,0,0,14458.815,1562401.664999997,0.009254224009035493,378538.15499999997
credit_card,Revolving loans,Stone,B4 90+,4,Missing,7,55,4467,0.012312513991493173,0,0,0,11162.025,1562401.664999997,0.00714414561251765,0.0
credit_card,Revolving loans,Stone,B4 90+,4,B1 1-30,1,2,4467,0.00044772778150884264,0,0,0,980.0550000000001,1562401.664999997,0.0006272746771554432,282.555
pos_cash,Consumer loans,Country-wide,B0 Current,0,B1 1-30,1,35138,2949905,0.011911570033611252,0,2,33,1612356137.6849978,188377223331.05835,0.008559188362445532,1307565201.6900005
pos_cash,Consumer loans,Country-wide,B0 Current,0,B0 Current,0,2606650,2949905,0.8836386256506565,0,27,33,180972541343.87836,188377223331.05835,0.9606922649339255,157185950305.76767
pos_cash,Consumer loans,Country-wide,B0 Current,0,B4 90+,4,95,2949905,3.220442692222292e-05,0,0,33,0.0,188377223331.05835,0.0,0.0
pos_cash,Consumer loans,Country-wide,B0 Current,0,Closed,5,245766,2949905,0.08331319144175829,0,4,33,4323289255.650005,188377223331.05835,0.02295016976682027,0.0
pos_cash,Consumer loans,Country-wide,B0 Current,0,Missing,7,62141,2949905,0.021065424140777413,4,0,33,1466488876.3650029,188377223331.05835,0.00778485238519395,0.0
pos_cash,Consumer loans,Country-wide,B0 Current,0,B2 31-60,2,100,2949905,3.3899396760234654e-05,0,0,33,2115957.42,188377223331.05835,1.1232554459523852e-05,1084518.585
pos_cash,Consumer loans,Country-wide,B0 Current,0,Other,6,15,2949905,5.084909514035197e-06,0,0,33,431760.06000000006,188377223331.05835,2.2919971553100943e-06,310471.245
pos_cash,Consumer loans,Country-wide,B4 90+,4,Missing,7,267,28490,0.009371709371709372,1,0,0,0.0,356844.645,0.0,0.0
pos_cash,Consumer loans,Country-wide,B4 90+,4,Other,6,4,28490,0.0001404001404001404,0,0,0,0.0,356844.645,0.0,0.0
pos_cash,Consumer loans,Country-wide,B4 90+,4,Closed,5,844,28490,0.029624429624429623,0,0,0,111511.44,356844.645,0.31249296174810187,0.0
pos_cash,Consumer loans,Country-wide,B4 90+,4,B4 90+,4,26542,28490,0.9316251316251316,0,0,0,182816.68500000003,356844.645,0.5123144975315519,119654.37
pos_cash,Consumer loans,Country-wide,B4 90+,4,B0 Current,0,833,28490,0.02923832923832924,0,0,0,62516.52,356844.645,0.17519254072034623,2811.5099999999998
pos_cash,Cash loans,Contact center,B3 61-90,3,B0 Current,0,3,4,0.75,0,0,0,1726646.895,2193397.245,0.7872020897883456,1667521.26
pos_cash,Cash loans,Contact center,B3 61-90,3,B4 90+,4,1,4,0.25,0,0,0,466750.35000000003,2193397.245,0.21279791021165434,420075.31500000006
pos_cash,Cash loans,Regional / Local,B0 Current,0,B1 1-30,1,189,21320,0.008864915572232646,0,0,0,88006906.16999999,10258689513.644997,0.008578766912961226,82621474.96499999
pos_cash,Cash loans,Regional / Local,B0 Current,0,B0 Current,0,19639,21320,0.9211538461538461,0,0,0,9789894552.239996,10258689513.644997,0.9543026464753164,9227570084.864996
pos_cash,Cash loans,Regional / Local,B0 Current,0,Closed,5,1176,21320,0.055159474671669796,0,0,0,256024852.69500005,10258689513.644997,0.024956877031365805,0.0
pos_cash,Cash loans,Regional / Local,B0 Current,0,Missing,7,316,21320,0.014821763602251407,0,0,0,124763202.54,10258689513.644997,0.012161709580356587,0.0
pos_cash,Cash loans,Regional / Local,B4 90+,4,B3 61-90,3,1,1,1.0,0,0,0,502344.0,502344.0,1.0,439551.0
pos_cash,Cash loans,Khác,B0 Current,0,Missing,7,345,23574,0.014634767116314585,0,0,0,184386849.705,18123872821.874996,0.010173700263579999,0.0
pos_cash,Cash loans,Khác,B0 Current,0,B0 Current,0,22177,23574,0.9407397980826334,0,0,0,17492053119.434998,18123872821.874996,0.965138813947237,16709798940.48
pos_cash,Cash loans,Khác,B0 Current,0,Closed,5,938,23574,0.039789598710443706,0,0,0,366859064.38499993,18123872821.874996,0.02024175892153754,0.0
pos_cash,Cash loans,Khác,B0 Current,0,B1 1-30,1,114,23574,0.004835836090608297,0,0,0,80573788.35,18123872821.874996,0.004445726867645514,76840222.905
pos_cash,Consumer loans,Khác,B1 1-30,1,B1 1-30,1,141,261,0.5402298850574713,0,0,0,136993175.82,237710591.505,0.5763023639488041,132209002.98
pos_cash,Consumer loans,Khác,B1 1-30,1,B0 Current,0,114,261,0.4367816091954023,0,0,0,97105819.725,237710591.505,0.4085043880888979,93165700.635
pos_cash,Consumer loans,Khác,B1 1-30,1,B2 31-60,2,3,261,0.011494252873563218,0,0,0,3459674.1600000006,237710591.505,0.014554143919696696,3373566.255
pos_cash,Consumer loans,Khác,B1 1-30,1,Closed,5,3,261,0.011494252873563218,0,0,0,151921.80000000002,237710591.505,0.0006391040426013348,0.0
pos_cash,(không rõ),(không rõ),B0 Current,0,B1 1-30,1,3934,220936,0.01780606148386863,0,3934,220936,0.0,0.0,,0.0
pos_cash,(không rõ),(không rõ),B0 Current,0,Closed,5,31001,220936,0.14031665278632727,0,31001,220936,0.0,0.0,,0.0
pos_cash,(không rõ),(không rõ),B0 Current,0,Missing,7,2102,220936,0.009514067422239925,1,2102,220936,0.0,0.0,,0.0
pos_cash,(không rõ),(không rõ),B0 Current,0,B2 31-60,2,27,220936,0.00012220733606112177,0,27,220936,0.0,0.0,,0.0
pos_cash,(không rõ),(không rõ),B0 Current,0,B0 Current,0,183836,220936,0.8320780678567549,0,183836,220936,0.0,0.0,,0.0
pos_cash,(không rõ),(không rõ),B0 Current,0,B4 90+,4,36,220936,0.00016294311474816236,0,36,220936,0.0,0.0,,0.0
pos_cash,(không rõ),(không rõ),B4 90+,4,B1 1-30,1,1,54268,1.8427065674062063e-05,0,1,54268,0.0,0.0,,0.0
pos_cash,(không rõ),(không rõ),B4 90+,4,B4 90+,4,52835,54268,0.973594014889069,0,52835,54268,0.0,0.0,,0.0
pos_cash,(không rõ),(không rõ),B4 90+,4,B0 Current,0,458,54268,0.008439596078720425,0,458,54268,0.0,0.0,,0.0
pos_cash,(không rõ),(không rõ),B4 90+,4,B3 61-90,3,3,54268,5.5281197022186185e-05,0,3,54268,0.0,0.0,,0.0
pos_cash,(không rõ),(không rõ),B4 90+,4,Closed,5,727,54268,0.01339647674504312,0,727,54268,0.0,0.0,,0.0
pos_cash,(không rõ),(không rõ),B4 90+,4,Missing,7,239,54268,0.004404068696100833,0,239,54268,0.0,0.0,,0.0
pos_cash,(không rõ),(không rõ),B4 90+,4,B2 31-60,2,5,54268,9.213532837031031e-05,0,5,54268,0.0,0.0,,0.0
pos_cash,Cash loans,Contact center,B2 31-60,2,B0 Current,0,4,10,0.4,0,0,0,1393673.76,4549295.654999999,0.3063493484905193,1311675.03
pos_cash,Cash loans,Contact center,B2 31-60,2,B3 61-90,3,6,10,0.6,0,0,0,3155621.8949999996,4549295.654999999,0.6936506515094808,3021155.8200000003
credit_card,(không rõ),(không rõ),B2 31-60,2,B2 31-60,2,176,1652,0.10653753026634383,0,0,0,6838633.574999999,42924583.26,0.15931741337073613,6654263.084999999
credit_card,(không rõ),(không rõ),B2 31-60,2,Missing,7,1,1652,0.0006053268765133172,0,0,0,264.825,42924583.26,6.169541551420994e-06,0.0
credit_card,(không rõ),(không rõ),B2 31-60,2,B0 Current,0,402,1652,0.24334140435835352,0,0,0,13324617.000000002,42924583.26,0.3104192513481377,12045657.420000002
credit_card,(không rõ),(không rõ),B2 31-60,2,B4 90+,4,58,1652,0.035108958837772396,0,0,0,15160.455,42924583.26,0.0003531881697760716,113931.76499999998
credit_card,(không rõ),(không rõ),B2 31-60,2,B3 61-90,3,742,1652,0.4491525423728814,0,0,0,5609750.715000001,42924583.26,0.13068853064969746,6425402.175000001
credit_card,(không rõ),(không rõ),B2 31-60,2,B1 1-30,1,273,1652,0.1652542372881356,0,0,0,17136156.689999998,42924583.26,0.3992154469201013,16474503.104999999
pos_cash,Cash loans,Credit and cash offices,B2 31-60,2,Closed,5,27,465,0.05806451612903226,0,0,0,588054.78,162287191.89,0.0036235439972280123,0.0
pos_cash,Cash loans,Credit and cash offices,B2 31-60,2,B2 31-60,2,38,465,0.08172043010752689,0,0,0,11342863.89,162287191.89,0.06989377139317511,10653077.655000001
pos_cash,Cash loans,Credit and cash offices,B2 31-60,2,Missing,7,14,465,0.030107526881720432,0,0,0,12194459.415,162287191.89,0.07514123125172771,0.0
pos_cash,Cash loans,Credit and cash offices,B2 31-60,2,B0 Current,0,110,465,0.23655913978494625,0,0,0,34371483.614999995,162287191.89,0.21179418544808734,31224811.635
pos_cash,Cash loans,Credit and cash offices,B2 31-60,2,B3 61-90,3,174,465,0.3741935483870968,0,0,0,73042302.96000001,162287191.89,0.4500805153465769,69992374.905
pos_cash,Cash loans,Credit and cash offices,B2 31-60,2,B4 90+,4,1,465,0.002150537634408602,0,0,0,563154.5700000001,162287191.89,0.0034701110016230508,511958.7
pos_cash,Cash loans,Credit and cash offices,B2 31-60,2,B1 1-30,1,101,465,0.2172043010752688,0,0,0,30184872.66,162287191.89,0.18599664156158197,28195260.03
credit_card,Revolving loans,AP+ (Cash loan),B3 61-90,3,B4 90+,4,27,30,0.9,0,0,0,194385.64500000002,195224.85,0.9957013412995324,194682.375
credit_card,Revolving loans,AP+ (Cash loan),B3 61-90,3,B0 Current,0,1,30,0.03333333333333333,0,0,0,107.28,195224.85,0.0005495202070842928,0.0
credit_card,Revolving loans,AP+ (Cash loan),B3 61-90,3,Missing,7,1,30,0.03333333333333333,0,0,0,302.4,195224.85,0.001548983134063107,0.0
credit_card,Revolving loans,AP+ (Cash loan),B3 61-90,3,Closed,5,1,30,0.03333333333333333,0,0,0,429.525,195224.85,0.0022001553593202915,2.475
credit_card,Revolving loans,Regional / Local,B2 31-60,2,B1 1-30,1,7,90,0.07777777777777778,0,0,0,889848.81,1665199.3499999999,0.5343797485868584,835865.505
credit_card,Revolving loans,Regional / Local,B2 31-60,2,B3 61-90,3,58,90,0.6444444444444445,0,0,0,180393.61499999996,1665199.3499999999,0.10833154300714805,285516.26999999996
credit_card,Revolving loans,Regional / Local,B2 31-60,2,B0 Current,0,21,90,0.23333333333333334,0,0,0,593847.72,1665199.3499999999,0.3566225989699071,720611.685
credit_card,Revolving loans,Regional / Local,B2 31-60,2,B4 90+,4,2,90,0.022222222222222223,0,0,0,623.88,1665199.3499999999,0.00037465784502017734,762.6600000000001
credit_card,Revolving loans,Regional / Local,B2 31-60,2,B2 31-60,2,2,90,0.022222222222222223,0,0,0,485.32500000000005,1665199.3499999999,0.0002914515910662589,623.88
pos_cash,Cash loans,Regional / Local,B1 1-30,1,B0 Current,0,174,261,0.6666666666666666,0,0,0,76331243.52,120122746.11000001,0.6354437106366281,72233347.58999999
pos_cash,Cash loans,Regional / Local,B1 1-30,1,Missing,7,1,261,0.0038314176245210726,0,0,0,678946.59,120122746.11000001,0.005652106798976008,0.0
pos_cash,Cash loans,Regional / Local,B1 1-30,1,B2 31-60,2,3,261,0.011494252873563218,0,0,0,1779484.5,120122746.11000001,0.014813884610750344,1640547.0
pos_cash,Cash loans,Regional / Local,B1 1-30,1,B1 1-30,1,70,261,0.2681992337164751,0,0,0,38366711.28000001,120122746.11000001,0.3193958889756521,36535347.720000006
pos_cash,Cash loans,Regional / Local,B1 1-30,1,Closed,5,13,261,0.04980842911877394,0,0,0,2966360.22,120122746.11000001,0.02469440897799335,0.0
credit_card,Revolving loans,Regional / Local,B1 1-30,1,B0 Current,0,1193,1966,0.6068158697863683,0,0,0,134378116.69499996,215222817.41999996,0.6243674267713245,118241840.83500001
credit_card,Revolving loans,Regional / Local,B1 1-30,1,B3 61-90,3,1,1966,0.000508646998982706,0,0,0,35.775,215222817.41999996,1.6622308186862135e-07,35.775
credit_card,Revolving loans,Regional / Local,B1 1-30,1,B2 31-60,2,88,1966,0.044760935910478125,0,0,0,1562475.0150000004,215222817.41999996,0.007259801882208818,1664450.5050000001
credit_card,Revolving loans,Regional / Local,B1 1-30,1,B1 1-30,1,684,1966,0.34791454730417093,0,0,0,79282189.93499999,215222817.41999996,0.3683726051233848,79187188.905
pos_cash,(không rõ),(không rõ),B3 61-90,3,Closed,5,39,911,0.042810098792535674,0,39,911,0.0,0.0,,0.0
pos_cash,(không rõ),(không rõ),B3 61-90,3,B2 31-60,2,7,911,0.007683863885839737,0,7,911,0.0,0.0,,0.0
pos_cash,(không rõ),(không rõ),B3 61-90,3,Missing,7,3,911,0.003293084522502744,0,3,911,0.0,0.0,,0.0
pos_cash,(không rõ),(không rõ),B3 61-90,3,B4 90+,4,811,911,0.8902305159165752,0,811,911,0.0,0.0,,0.0
pos_cash,(không rõ),(không rõ),B3 61-90,3,B3 61-90,3,8,911,0.008781558726673985,0,8,911,0.0,0.0,,0.0
pos_cash,(không rõ),(không rõ),B3 61-90,3,B0 Current,0,35,911,0.038419319429198684,0,35,911,0.0,0.0,,0.0
pos_cash,(không rõ),(không rõ),B3 61-90,3,B1 1-30,1,8,911,0.008781558726673985,0,8,911,0.0,0.0,,0.0
pos_cash,Cash loans,Regional / Local,B2 31-60,2,B3 61-90,3,1,4,0.25,0,0,0,627930.0,2394063.0,0.26228633081084335,565137.0
pos_cash,Cash loans,Regional / Local,B2 31-60,2,B0 Current,0,1,4,0.25,0,0,0,133515.0,2394063.0,0.055769209080964034,120163.5
pos_cash,Cash loans,Regional / Local,B2 31-60,2,B1 1-30,1,1,4,0.25,0,0,0,753516.0,2394063.0,0.31474359697301196,690723.0
pos_cash,Cash loans,Regional / Local,B2 31-60,2,B2 31-60,2,1,4,0.25,0,0,0,879102.0,2394063.0,0.36720086313518063,753516.0
credit_card,Revolving loans,Contact center,B0 Current,0,B1 1-30,1,13528,558260,0.024232436499122274,0,0,0,1329004253.07,34189106509.57496,0.03887215516140501,1441201349.2499995
credit_card,Revolving loans,Contact center,B0 Current,0,B4 90+,4,5,558260,8.956400243614087e-06,0,0,0,210.825,34189106509.57496,6.166437837179413e-09,183792.375
credit_card,Revolving loans,Contact center,B0 Current,0,Closed,5,1298,558260,0.002325081503242217,0,0,0,330694.785,34189106509.57496,9.67251907877107e-06,2212.695
credit_card,Revolving loans,Contact center,B0 Current,0,B0 Current,0,540763,558260,0.9686579729874969,0,0,0,32726094252.70496,34189106509.57496,0.9572082336676371,32750493305.399967
credit_card,Revolving loans,Contact center,B0 Current,0,Missing,7,2666,558260,0.004775552609895031,1,0,0,133677098.19,34189106509.57496,0.0039099324854413075,0.0
credit_card,Revolving loans,Contact center,B4 90+,4,B1 1-30,1,7,10381,0.0006743088334457181,0,0,0,603563.49,5570916.705000006,0.1083418622034485,657927.675
credit_card,Revolving loans,Contact center,B4 90+,4,Missing,7,139,10381,0.013389846835564975,0,0,0,439382.16,5570916.705000006,0.07887071074059426,0.0
credit_card,Revolving loans,Contact center,B4 90+,4,B4 90+,4,10035,10381,0.9666698776611117,0,0,0,2675280.330000005,5570916.705000006,0.48022264048552177,4886008.020000008
credit_card,Revolving loans,Contact center,B4 90+,4,B0 Current,0,200,10381,0.019265966669877663,0,0,0,1852690.725,5570916.705000006,0.3325647865704354,2585513.97
credit_card,Revolving loans,Country-wide,B0 Current,0,B4 90+,4,7,696391,1.0051824334317934e-05,0,0,0,23.984999999999996,32776441453.75502,7.317755966229874e-10,24.029999999999998
credit_card,Revolving loans,Country-wide,B0 Current,0,B0 Current,0,672370,696391,0.9655064468093355,0,0,0,31168886480.595016,32776441453.75502,0.9509539504028179,31176230784.435036
credit_card,Revolving loans,Country-wide,B0 Current,0,B1 1-30,1,15889,696391,0.022816205263996806,0,0,0,1502862012.5849993,32776441453.75502,0.04585189684808887,1621949752.9350002
credit_card,Revolving loans,Country-wide,B0 Current,0,Closed,5,2246,696391,0.003225199636411154,0,0,0,590228.325,32776441453.75502,1.8007700007115345e-05,32522.804999999997
credit_card,Revolving loans,Country-wide,B0 Current,0,B2 31-60,2,1,696391,1.435974904902562e-06,0,0,0,131.49,32776441453.75502,4.011722876796191e-09,261.99
credit_card,Revolving loans,Country-wide,B0 Current,0,Missing,7,5878,696391,0.008440660491017259,3,0,0,104102576.77499999,32776441453.75502,0.0031761403055874915,0.0
credit_card,Revolving loans,Country-wide,B4 90+,4,B1 1-30,1,11,11978,0.0009183503088996493,0,0,0,854905.7250000001,6171692.669999995,0.13852046281494454,1064556.585
credit_card,Revolving loans,Country-wide,B4 90+,4,B2 31-60,2,2,11978,0.0001669727834362999,0,0,0,496.71,6171692.669999995,8.04819725412543e-05,138.015
credit_card,Revolving loans,Country-wide,B4 90+,4,B0 Current,0,291,11978,0.024294539989981632,0,0,0,2676788.73,6171692.669999995,0.43372035406293197,2085354.675
credit_card,Revolving loans,Country-wide,B4 90+,4,Missing,7,149,11978,0.012439472366004341,0,0,0,25878.42,6171692.669999995,0.0041930830622517075,0.0
credit_card,Revolving loans,Country-wide,B4 90+,4,B4 90+,4,11523,11978,0.9620136917682418,0,0,0,2613555.5849999953,6171692.669999995,0.4234746810553672,5194420.020000001
credit_card,Revolving loans,Country-wide,B4 90+,4,Closed,5,2,11978,0.0001669727834362999,0,0,0,67.5,6171692.669999995,1.0937031963388425e-05,0.0
credit_card,Revolving loans,Credit and cash offices,B0 Current,0,Closed,5,5777,895167,0.006453544422437378,0,0,0,10864916.594999999,82442504388.2851,0.0001317878038229984,53535.73500000001
credit_card,Revolving loans,Credit and cash offices,B0 Current,0,B0 Current,0,867564,895167,0.9691644128972583,0,0,0,80325261999.36009,82442504388.2851,0.9743185580710494,83960858483.77502
credit_card,Revolving loans,Credit and cash offices,B0 Current,0,Missing,7,16949,895167,0.018933897250457177,2,0,0,1322226176.49,82442504388.2851,0.01603816121672652,0.0
credit_card,Revolving loans,Credit and cash offices,B0 Current,0,B4 90+,4,2,895167,2.2342199835337988e-06,0,0,0,4.59,82442504388.2851,5.5675164577511656e-11,4.59
credit_card,Revolving loans,Credit and cash offices,B0 Current,0,B1 1-30,1,4875,895167,0.005445911209863635,0,0,0,784151291.25,82442504388.2851,0.009511492852725933,858198008.835
credit_card,Revolving loans,Credit and cash offices,B4 90+,4,Missing,7,35,1464,0.02390710382513661,0,0,0,1012992.12,3900001.9950000006,0.25974143636303443,0.0
credit_card,Revolving loans,Credit and cash offices,B4 90+,4,B4 90+,4,1355,1464,0.9255464480874317,0,0,0,1994223.6900000004,3900001.9950000006,0.5113391461226676,2564555.895000001
credit_card,Revolving loans,Credit and cash offices,B4 90+,4,B0 Current,0,74,1464,0.050546448087431695,0,0,0,892786.1849999999,3900001.9950000006,0.22891941751429792,1557740.295
pos_cash,Cash loans,AP+ (Cash loan),B0 Current,0,B2 31-60,2,2,252605,7.91749965360939e-06,0,0,0,392628.69,118841066072.27948,3.3038132606552192e-06,323174.97
pos_cash,Cash loans,AP+ (Cash loan),B0 Current,0,Other,6,6,252605,2.375249896082817e-05,0,0,0,2597973.9299999997,118841066072.27948,2.1860910675606903e-05,2476201.86
pos_cash,Cash loans,AP+ (Cash loan),B0 Current,0,B0 Current,0,232008,252605,0.9184616298173037,0,0,0,113661428812.33447,118841066072.27948,0.9564154258192641,107251856936.54944
pos_cash,Cash loans,AP+ (Cash loan),B0 Current,0,B1 1-30,1,2192,252605,0.008677579620355891,0,0,0,833471535.2400001,118841066072.27948,0.007013329337967065,778196224.035
pos_cash,Cash loans,AP+ (Cash loan),B0 Current,0,Closed,5,15380,252605,0.06088557233625621,0,0,0,3253827122.055001,118841066072.27948,0.027379652754680052,0.0
pos_cash,Cash loans,AP+ (Cash loan),B0 Current,0,Missing,7,3016,252605,0.01193958947764296,0,0,0,1089134492.5800002,118841066072.27948,0.00916463078442586,0.0
pos_cash,Cash loans,AP+ (Cash loan),B0 Current,0,B4 90+,4,1,252605,3.958749826804695e-06,0,0,0,213507.45,118841066072.27948,1.796579726659e-06,0.0
pos_cash,Cash loans,AP+ (Cash loan),B4 90+,4,B0 Current,0,2,58,0.034482758620689655,0,0,0,322232.39999999997,344160.89999999997,0.9362841624368137,313025.76
pos_cash,Cash loans,AP+ (Cash loan),B4 90+,4,B4 90+,4,50,58,0.8620689655172413,0,0,0,0.0,344160.89999999997,0.0,0.0
pos_cash,Cash loans,AP+ (Cash loan),B4 90+,4,Closed,5,6,58,0.10344827586206896,0,0,0,21928.5,344160.89999999997,0.0637158375631863,0.0
pos_cash,Cash loans,Stone,B0 Current,0,B2 31-60,2,1,24659,4.0553144896386715e-05,0,0,0,41753.61,11629960562.430002,3.590176404800797e-06,0.0
pos_cash,Cash loans,Stone,B0 Current,0,Missing,7,353,24659,0.01431526014842451,0,0,0,130525804.93499999,11629960562.430002,0.011223237106809888,0.0
pos_cash,Cash loans,Stone,B0 Current,0,B0 Current,0,22724,24659,0.9215296646254917,0,0,0,11118097218.195004,11629960562.430002,0.9559875253671498,10480865930.145002
pos_cash,Cash loans,Stone,B0 Current,0,B1 1-30,1,220,24659,0.008921691877205077,0,0,0,101413279.88999999,11629960562.430002,0.008720002045201292,93910143.735
pos_cash,Cash loans,Stone,B0 Current,0,Closed,5,1361,24659,0.055192830203982315,0,0,0,279882505.79999995,11629960562.430002,0.024065645304434325,0.0
pos_cash,Cash loans,Stone,B4 90+,4,Missing,7,1,30,0.03333333333333333,0,0,0,0.0,490601.25,0.0,0.0
pos_cash,Cash loans,Stone,B4 90+,4,B4 90+,4,27,30,0.9,0,0,0,255112.65,490601.25,0.52,235488.59999999998
pos_cash,Cash loans,Stone,B4 90+,4,B0 Current,0,2,30,0.06666666666666667,0,0,0,235488.59999999998,490601.25,0.4799999999999999,215864.55
credit_card,Revolving loans,AP+ (Cash loan),B0 Current,0,Closed,5,657,114337,0.005746171405581745,0,0,0,2215928.745,10157579744.310003,0.0002181551905847751,2829.6
credit_card,Revolving loans,AP+ (Cash loan),B0 Current,0,Missing,7,2672,114337,0.02336951293107218,0,0,0,192469792.18499994,10157579744.310003,0.01894839095827096,0.0
credit_card,Revolving loans,AP+ (Cash loan),B0 Current,0,B0 Current,0,110366,114337,0.9652693353857457,0,0,0,9860522792.940002,10157579744.310003,0.9707551445474594,10291522789.170002
credit_card,Revolving loans,AP+ (Cash loan),B0 Current,0,B1 1-30,1,642,114337,0.0056149802776004265,0,0,0,102371230.44000001,10157579744.310003,0.010078309303684823,110663926.65
credit_card,Revolving loans,AP+ (Cash loan),B4 90+,4,B4 90+,4,118,141,0.8368794326241135,0,0,0,303705.585,506253.96,0.5999075740563096,312202.66500000004
credit_card,Revolving loans,AP+ (Cash loan),B4 90+,4,B0 Current,0,12,141,0.0851063829787234,0,0,0,200443.18500000003,506253.96,0.39593405847136487,165469.22999999998
credit_card,Revolving loans,AP+ (Cash loan),B4 90+,4,Missing,7,11,141,0.07801418439716312,0,0,0,2105.1899999999996,506253.96,0.004158367472325549,0.0
pos_cash,Cash loans,Contact center,B1 1-30,1,B1 1-30,1,327,1046,0.31261950286806883,0,0,0,123580935.17999999,503950936.45500004,0.2452241403683453,115403907.01499999
pos_cash,Cash loans,Contact center,B1 1-30,1,B0 Current,0,649,1046,0.6204588910133844,0,0,0,356831422.785,503950936.45500004,0.708067783929722,321951226.14
pos_cash,Cash loans,Contact center,B1 1-30,1,B2 31-60,2,12,1046,0.011472275334608031,0,0,0,7203950.460000001,503950936.45500004,0.01429494408855667,6926530.905
pos_cash,Cash loans,Contact center,B1 1-30,1,Missing,7,11,1046,0.010516252390057362,0,0,0,2939037.93,503950936.45500004,0.005831992198832713,0.0
pos_cash,Cash loans,Contact center,B1 1-30,1,Closed,5,47,1046,0.044933078393881457,0,0,0,13395590.100000001,503950936.45500004,0.02658113941454329,0.0
credit_card,(không rõ),(không rõ),B0 Current,0,B1 1-30,1,19972,969635,0.020597441305233413,0,0,0,1706728868.594999,34963061465.88009,0.04881520087308628,1858333121.3700001
credit_card,(không rõ),(không rõ),B0 Current,0,Closed,5,2339,969635,0.0024122479077178524,0,0,0,24923.609999999997,34963061465.88009,7.128554810431164e-07,261.0
credit_card,(không rõ),(không rõ),B0 Current,0,Missing,7,2163,969635,0.0022307363079921826,3,0,0,14165046.18,34963061465.88009,0.0004051431878705316,0.0
credit_card,(không rõ),(không rõ),B0 Current,0,B0 Current,0,945159,969635,0.9747575118472415,0,0,0,33242142621.195084,34963061465.88009,0.9507789429033718,32793597991.260086
credit_card,(không rõ),(không rõ),B0 Current,0,B4 90+,4,2,969635,2.0626318150644315e-06,0,0,0,6.3,34963061465.88009,1.801901703072562e-10,6.3
credit_card,(không rõ),(không rõ),B4 90+,4,B1 1-30,1,14,18323,0.0007640670195928614,0,0,0,240289.20000000004,139505080.94999915,0.0017224404900788059,290765.07
credit_card,(không rõ),(không rõ),B4 90+,4,B4 90+,4,17709,18323,0.9664902035692845,0,0,0,134345148.25499916,139505080.94999915,0.9630125823384927,136352267.0999992
credit_card,(không rõ),(không rõ),B4 90+,4,B0 Current,0,423,18323,0.023085739234841456,0,0,0,2746257.435,139505080.94999915,0.019685716221219948,3492322.065
credit_card,(không rõ),(không rõ),B4 90+,4,B3 61-90,3,9,18323,0.0004911859411668394,0,0,0,728031.1499999999,139505080.94999915,0.005218671212849501,607694.76
credit_card,(không rõ),(không rõ),B4 90+,4,Missing,7,166,18323,0.00905965180374393,2,0,0,1245791.115,139505080.94999915,0.008930077001614812,0.0
credit_card,(không rõ),(không rõ),B4 90+,4,B2 31-60,2,2,18323,0.00010915243137040878,0,0,0,199563.79499999998,139505080.94999915,0.0014305127357442044,144765.765
pos_cash,Cash loans,Credit and cash offices,B0 Current,0,B1 1-30,1,23190,2521661,0.009196319410103102,0,0,3,9302805524.115004,1343288854992.0735,0.006925394705347941,8593145273.655005
pos_cash,Cash loans,Credit and cash offices,B0 Current,0,B0 Current,0,2315292,2521661,0.9181614816583197,0,3,3,1284084258492.6584,1343288854992.0735,0.9559256400591782,1207793892593.1694
pos_cash,Cash loans,Credit and cash offices,B0 Current,0,B3 61-90,3,2,2521661,7.931280215699097e-07,0,0,3,185798.97,1343288854992.0735,1.3831646805488933e-07,172527.615
pos_cash,Cash loans,Credit and cash offices,B0 Current,0,Closed,5,156426,2521661,0.06203292195104734,0,0,3,36752865062.08506,1343288854992.0735,0.027360358812998514,0.0
pos_cash,Cash loans,Credit and cash offices,B0 Current,0,Missing,7,26692,2521661,0.010585086575872014,4,0,3,13128084159.434998,1343288854992.0735,0.00977309095556552,0.0
pos_cash,Cash loans,Credit and cash offices,B0 Current,0,Other,6,34,2521661,1.3483176366688465e-05,0,0,3,9419553.135000002,1343288854992.0735,7.012306474511459e-06,8773983.945
pos_cash,Cash loans,Credit and cash offices,B0 Current,0,B2 31-60,2,25,2521661,9.91410026962387e-06,0,0,3,11236401.674999999,1343288854992.0735,8.364843967283793e-06,10002691.575000001
pos_cash,Cash loans,Credit and cash offices,B4 90+,4,Missing,7,15,756,0.01984126984126984,0,0,0,3417200.325,14904521.055,0.22927273626505673,0.0
pos_cash,Cash loans,Credit and cash offices,B4 90+,4,Closed,5,50,756,0.06613756613756613,0,0,0,0.0,14904521.055,0.0,0.0
pos_cash,Cash loans,Credit and cash offices,B4 90+,4,B1 1-30,1,1,756,0.0013227513227513227,0,0,0,79628.13,14904521.055,0.005342548727742396,66356.775
pos_cash,Cash loans,Credit and cash offices,B4 90+,4,B4 90+,4,674,756,0.8915343915343915,0,0,0,9129579.434999999,14904521.055,0.6125375918696369,5388236.64
pos_cash,Cash loans,Credit and cash offices,B4 90+,4,B0 Current,0,16,756,0.021164021164021163,0,0,0,2278113.165,14904521.055,0.152847123137564,2116147.9050000003
credit_card,(không rõ),(không rõ),B3 61-90,3,B4 90+,4,601,777,0.7734877734877735,0,0,0,3235809.8249999993,8390999.16,0.3856286674923227,3491468.594999999
credit_card,(không rõ),(không rõ),B3 61-90,3,B0 Current,0,117,777,0.15057915057915058,0,0,0,1753069.6800000004,8390999.16,0.20892263800441144,1478582.6849999998
credit_card,(không rõ),(không rõ),B3 61-90,3,B3 61-90,3,11,777,0.014157014157014158,0,0,0,1235017.17,8390999.16,0.14718356496653492,1194901.4700000002
credit_card,(không rõ),(không rõ),B3 61-90,3,B2 31-60,2,8,777,0.010296010296010296,0,0,0,460892.97,8390999.16,0.054927066635530444,419141.025
credit_card,(không rõ),(không rõ),B3 61-90,3,B1 1-30,1,40,777,0.05148005148005148,0,0,0,1706209.5149999997,8390999.16,0.20333806290120038,1603668.645
pos_cash,Cash loans,Credit and cash offices,B3 61-90,3,B2 31-60,2,4,150,0.02666666666666667,0,0,0,4604310.315,49219604.280000016,0.09354626845041346,4452546.734999999
pos_cash,Cash loans,Credit and cash offices,B3 61-90,3,Missing,7,5,150,0.03333333333333333,0,0,0,4376652.210000001,49219604.280000016,0.0889209142174761,0.0
pos_cash,Cash loans,Credit and cash offices,B3 61-90,3,Other,6,1,150,0.006666666666666667,0,0,0,0.0,49219604.280000016,0.0,0.0
pos_cash,Cash loans,Credit and cash offices,B3 61-90,3,Closed,5,7,150,0.04666666666666667,0,0,0,0.0,49219604.280000016,0.0,0.0
pos_cash,Cash loans,Credit and cash offices,B3 61-90,3,B1 1-30,1,8,150,0.05333333333333334,0,0,0,6843557.25,49219604.280000016,0.13904128954528844,6530368.859999999
pos_cash,Cash loans,Credit and cash offices,B3 61-90,3,B4 90+,4,109,150,0.7266666666666667,0,0,0,25730228.025000006,49219604.280000016,0.5227638133501873,21830625.225
pos_cash,Cash loans,Credit and cash offices,B3 61-90,3,B0 Current,0,11,150,0.07333333333333333,0,0,0,2757259.575,49219604.280000016,0.056019539680053666,2579315.94
pos_cash,Cash loans,Credit and cash offices,B3 61-90,3,B3 61-90,3,5,150,0.03333333333333333,0,0,0,4907596.904999999,49219604.280000016,0.0997081747565809,4756562.145
pos_cash,Cash loans,Khác,B1 1-30,1,B1 1-30,1,38,154,0.24675324675324675,0,0,0,25850565.449999996,102708727.2,0.2516881101998506,24568693.740000002
pos_cash,Cash loans,Khác,B1 1-30,1,Closed,5,5,154,0.032467532467532464,0,0,0,204484.95,102708727.2,0.001990920884471831,0.0
pos_cash,Cash loans,Khác,B1 1-30,1,B2 31-60,2,2,154,0.012987012987012988,0,0,0,2614627.575,102708727.2,0.025456722581214113,2465220.285
pos_cash,Cash loans,Khác,B1 1-30,1,B0 Current,0,109,154,0.7077922077922078,0,0,0,74039049.22500001,102708727.2,0.7208642463344634,68472089.73
pos_cash,Consumer loans,Khác,B0 Current,0,B1 1-30,1,119,8509,0.013985192149488776,0,0,0,109758310.96499999,8055836425.935,0.013624694589334452,104881984.965
pos_cash,Consumer loans,Khác,B0 Current,0,B0 Current,0,8179,8509,0.9612175343753673,0,0,0,7920153866.475,8055836425.935,0.9831572350422629,7633974046.410002
pos_cash,Consumer loans,Khác,B0 Current,0,Closed,5,180,8509,0.021154072158890588,0,0,0,22558282.29,8055836425.935,0.002800240856104743,0.0
pos_cash,Consumer loans,Khác,B0 Current,0,Missing,7,31,8509,0.003643201316253379,0,0,0,3365966.2049999996,8055836425.935,0.00041782951229789013,0.0
pos_cash,Cash loans,Khác,B2 31-60,2,B2 31-60,2,1,3,0.3333333333333333,0,0,0,1568776.5450000002,3959293.1850000005,0.3962264150943396,1494072.9000000001
pos_cash,Cash loans,Khác,B2 31-60,2,Missing,7,1,3,0.3333333333333333,0,0,0,896443.74,3959293.1850000005,0.22641509433962262,0.0
pos_cash,Cash loans,Khác,B2 31-60,2,B1 1-30,1,1,3,0.3333333333333333,0,0,0,1494072.9000000001,3959293.1850000005,0.3773584905660377,1419369.2550000001
pos_cash,Consumer loans,Regional / Local,B3 61-90,3,B1 1-30,1,1,322,0.003105590062111801,0,0,0,31741.605,103597.785,0.3063926994192009,21161.07
pos_cash,Consumer loans,Regional / Local,B3 61-90,3,B4 90+,4,280,322,0.8695652173913043,0,0,0,63462.6,103597.785,0.6125864563610119,53542.8
pos_cash,Consumer loans,Regional / Local,B3 61-90,3,B0 Current,0,14,322,0.043478260869565216,0,0,0,0.0,103597.785,0.0,0.0
pos_cash,Consumer loans,Regional / Local,B3 61-90,3,B3 61-90,3,1,322,0.003105590062111801,0,0,0,0.0,103597.785,0.0,0.0
pos_cash,Consumer loans,Regional / Local,B3 61-90,3,Missing,7,7,322,0.021739130434782608,0,0,0,0.0,103597.785,0.0,0.0
pos_cash,Consumer loans,Regional / Local,B3 61-90,3,Closed,5,19,322,0.059006211180124224,0,0,0,8393.58,103597.785,0.08102084421978713,0.0
credit_card,Revolving loans,Contact center,B3 61-90,3,B0 Current,0,69,455,0.15164835164835164,0,0,0,2731153.32,6159746.475,0.44338729379280173,2910537.0
credit_card,Revolving loans,Contact center,B3 61-90,3,B1 1-30,1,23,455,0.05054945054945055,0,0,0,638349.3450000001,6159746.475,0.10363240558532892,597204.4500000001
credit_card,Revolving loans,Contact center,B3 61-90,3,B4 90+,4,339,455,0.7450549450549451,0,0,0,546549.6149999999,6159746.475,0.08872923864938774,646873.02
credit_card,Revolving loans,Contact center,B3 61-90,3,Missing,7,2,455,0.004395604395604396,0,0,0,511.65,6159746.475,8.306348355027063e-05,0.0
credit_card,Revolving loans,Contact center,B3 61-90,3,B2 31-60,2,15,455,0.03296703296703297,0,0,0,1427480.775,6159746.475,0.2317434298300402,1376081.685
credit_card,Revolving loans,Contact center,B3 61-90,3,B3 61-90,3,7,455,0.015384615384615385,0,0,0,815701.77,6159746.475,0.13242456865889113,800194.14
credit_card,Revolving loans,Country-wide,B3 61-90,3,B2 31-60,2,7,576,0.012152777777777778,0,0,0,879253.785,4741874.640000001,0.18542324539393557,845761.23
credit_card,Revolving loans,Country-wide,B3 61-90,3,Missing,7,1,576,0.001736111111111111,0,0,0,0.0,4741874.640000001,0.0,0.0
credit_card,Revolving loans,Country-wide,B3 61-90,3,B0 Current,0,76,576,0.13194444444444445,0,0,0,1636641.18,4741874.640000001,0.3451464461321145,1231735.23
credit_card,Revolving loans,Country-wide,B3 61-90,3,B4 90+,4,454,576,0.7881944444444444,0,0,0,288332.37000000005,4741874.640000001,0.06080556570765861,883547.9100000001
credit_card,Revolving loans,Country-wide,B3 61-90,3,B1 1-30,1,30,576,0.052083333333333336,0,0,0,1293741.945,4741874.640000001,0.2728334347109606,1328739.435
credit_card,Revolving loans,Country-wide,B3 61-90,3,B3 61-90,3,8,576,0.013888888888888888,0,0,0,643905.3599999999,4741874.640000001,0.13579130805533057,620617.815
credit_card,Revolving loans,Credit and cash offices,B3 61-90,3,B4 90+,4,124,164,0.7560975609756098,0,0,0,1595774.7449999996,2966975.1899999995,0.5378456653019738,2153459.0700000003
credit_card,Revolving loans,Credit and cash offices,B3 61-90,3,B2 31-60,2,2,164,0.012195121951219513,0,0,0,160114.23,2966975.1899999995,0.05396547653639127,153684.27
credit_card,Revolving loans,Credit and cash offices,B3 61-90,3,B1 1-30,1,6,164,0.036585365853658534,0,0,0,329989.455,2966975.1899999995,0.11122083396996658,434923.56
credit_card,Revolving loans,Credit and cash offices,B3 61-90,3,Missing,7,2,164,0.012195121951219513,0,0,0,0.0,2966975.1899999995,0.0,0.0
credit_card,Revolving loans,Credit and cash offices,B3 61-90,3,B3 61-90,3,1,164,0.006097560975609756,0,0,0,393353.235,2966975.1899999995,0.13257719050896413,388438.245
credit_card,Revolving loans,Credit and cash offices,B3 61-90,3,B0 Current,0,29,164,0.17682926829268292,0,0,0,487743.52499999997,2966975.1899999995,0.16439083368270432,832366.0350000001
credit_card,Revolving loans,Khác,B0 Current,0,Closed,5,51,7573,0.0067344513402878645,0,0,0,221256.495,188136521.73000002,0.0011760422323398292,23246.234999999997
credit_card,Revolving loans,Khác,B0 Current,0,B0 Current,0,7189,7573,0.9492935428495972,0,0,0,182168428.72500002,188136521.73000002,0.9682778604062587,199550586.69000006
credit_card,Revolving loans,Khác,B0 Current,0,Missing,7,322,7573,0.04251947708966063,0,0,0,5103826.47,188136521.73000002,0.02712831311575242,0.0
credit_card,Revolving loans,Khác,B0 Current,0,B1 1-30,1,11,7573,0.0014525287204542453,0,0,0,643010.0399999999,188136521.73000002,0.0034177842456490273,765020.88
credit_card,Revolving loans,Stone,B2 31-60,2,B3 61-90,3,166,339,0.4896755162241888,0,0,0,511134.20999999996,8750991.420000002,0.058408720277319144,938440.665
credit_card,Revolving loans,Stone,B2 31-60,2,Missing,7,1,339,0.0029498525073746312,0,0,0,130.5,8750991.420000002,1.4912596040460976e-05,0.0
credit_card,Revolving loans,Stone,B2 31-60,2,B4 90+,4,17,339,0.05014749262536873,0,0,0,2924.595,8750991.420000002,0.0003342015618157239,3467.0699999999997
credit_card,Revolving loans,Stone,B2 31-60,2,B0 Current,0,75,339,0.22123893805309736,0,0,0,3521720.07,8750991.420000002,0.40243669556700346,3090170.79
credit_card,Revolving loans,Stone,B2 31-60,2,B1 1-30,1,43,339,0.12684365781710916,0,0,0,3165044.1300000004,8750991.420000002,0.36167834912584107,3066042.15
credit_card,Revolving loans,Stone,B2 31-60,2,B2 31-60,2,37,339,0.10914454277286136,0,0,0,1550037.915,8750991.420000002,0.17712712087198,1721107.53
pos_cash,Cash loans,AP+ (Cash loan),B3 61-90,3,B2 31-60,2,2,11,0.18181818181818182,0,0,0,92133.36,1052099.6400000001,0.08757094527662797,69100.02
pos_cash,Cash loans,AP+ (Cash loan),B3 61-90,3,B4 90+,4,9,11,0.8181818181818182,0,0,0,959966.28,1052099.6400000001,0.9124290547233719,907950.06
pos_cash,Cash loans,Stone,B3 61-90,3,B4 90+,4,3,5,0.6,0,0,0,274736.7,996990.75,0.2755659468254846,255112.65
pos_cash,Cash loans,Stone,B3 61-90,3,B1 1-30,1,1,5,0.2,0,0,0,722254.0499999999,996990.75,0.7244340531745154,706552.875
pos_cash,Cash loans,Stone,B3 61-90,3,Closed,5,1,5,0.2,0,0,0,0.0,996990.75,0.0,0.0
pos_cash,Consumer loans,Country-wide,B2 31-60,2,Other,6,1,3206,0.00031191515907673113,0,0,0,0.0,18634713.525,0.0,0.0
pos_cash,Consumer loans,Country-wide,B2 31-60,2,B4 90+,4,27,3206,0.00842170929507174,0,0,0,0.0,18634713.525,0.0,0.0
pos_cash,Consumer loans,Country-wide,B2 31-60,2,Closed,5,354,3206,0.11041796631316282,0,0,0,336306.825,18634713.525,0.01804733002999036,0.0
pos_cash,Consumer loans,Country-wide,B2 31-60,2,B0 Current,0,395,3206,0.1232064878353088,0,0,0,8594607.735,18634713.525,0.4612149107347224,6473802.6
pos_cash,Consumer loans,Country-wide,B2 31-60,2,B2 31-60,2,97,3206,0.03025577043044292,0,0,0,1723910.265,18634713.525,0.0925106931580801,1223280.1349999998
pos_cash,Consumer loans,Country-wide,B2 31-60,2,B3 61-90,3,2051,3206,0.6397379912663755,0,0,0,1260879.975,18634713.525,0.06766296532052538,1055976.3900000001
pos_cash,Consumer loans,Country-wide,B2 31-60,2,Missing,7,73,3206,0.022769806612601372,0,0,0,274477.68,18634713.525,0.014729374810713652,0.0
pos_cash,Consumer loans,Country-wide,B2 31-60,2,B1 1-30,1,208,3206,0.06487835308796007,0,0,0,6444531.045,18634713.525,0.3458347259459681,5073548.489999999
pos_cash,Consumer loans,Stone,B1 1-30,1,Closed,5,3221,29342,0.10977438484084248,0,0,0,14004663.12,1261979988.885,0.011097373368315904,0.0
pos_cash,Consumer loans,Stone,B1 1-30,1,B3 61-90,3,22,29342,0.0007497784745416127,0,0,0,49615.875,1261979988.885,3.9315896794716394e-05,29769.524999999998
pos_cash,Consumer loans,Stone,B1 1-30,1,B1 1-30,1,11685,29342,0.398234612500852,0,0,0,576397505.8799998,1261979988.885,0.4567406067898632,470488368.9149999
pos_cash,Consumer loans,Stone,B1 1-30,1,Missing,7,1156,29342,0.039397450753186555,0,0,0,7667656.38,1261979988.885,0.006075893791925038,0.0
pos_cash,Consumer loans,Stone,B1 1-30,1,B2 31-60,2,1906,29342,0.06495808056710517,0,0,0,15991147.845000003,1261979988.885,0.012671474972537953,12629711.61
pos_cash,Consumer loans,Stone,B1 1-30,1,B0 Current,0,11352,29342,0.38688569286347213,0,0,0,647869399.7850002,1261979988.885,0.5133753351805631,535418434.79999983
pos_cash,Consumer loans,Regional / Local,B2 31-60,2,B2 31-60,2,11,506,0.021739130434782608,0,0,0,339745.09500000003,4910795.550000001,0.06918331083850558,254209.095
pos_cash,Consumer loans,Regional / Local,B2 31-60,2,Missing,7,4,506,0.007905138339920948,0,0,0,0.0,4910795.550000001,0.0,0.0
pos_cash,Consumer loans,Regional / Local,B2 31-60,2,Closed,5,71,506,0.14031620553359683,0,0,0,29486.565000000002,4910795.550000001,0.00600443750911194,0.0
pos_cash,Consumer loans,Regional / Local,B2 31-60,2,B1 1-30,1,35,506,0.0691699604743083,0,0,0,1582523.8200000003,4910795.550000001,0.3222540632953046,1286409.33
pos_cash,Consumer loans,Regional / Local,B2 31-60,2,B3 61-90,3,314,506,0.6205533596837944,0,0,0,427156.02,4910795.550000001,0.08698305919088811,332931.825
pos_cash,Consumer loans,Regional / Local,B2 31-60,2,B0 Current,0,64,506,0.12648221343873517,0,0,0,2513398.095,4910795.550000001,0.5118107788054829,1984033.3500000003
pos_cash,Consumer loans,Regional / Local,B2 31-60,2,B4 90+,4,7,506,0.01383399209486166,0,0,0,18485.954999999998,4910795.550000001,0.00376435036070683,6161.985
credit_card,Revolving loans,Contact center,B2 31-60,2,Missing,7,2,938,0.0021321961620469083,0,0,0,0.81,35682134.94,2.2700435424114232e-08,0.0
credit_card,Revolving loans,Contact center,B2 31-60,2,B3 61-90,3,439,938,0.4680170575692964,0,0,0,3894205.995,35682134.94,0.10913601446629136,5562754.065
credit_card,Revolving loans,Contact center,B2 31-60,2,B2 31-60,2,93,938,0.09914712153518124,0,0,0,4737861.585,35682134.94,0.13277965550454812,4753124.955
credit_card,Revolving loans,Contact center,B2 31-60,2,B4 90+,4,35,938,0.03731343283582089,0,0,0,8798.985,35682134.94,0.0002465935688768515,10221.345
credit_card,Revolving loans,Contact center,B2 31-60,2,B1 1-30,1,140,938,0.14925373134328357,0,0,0,12597987.735000001,35682134.94,0.3530614901878403,12179276.145000001
credit_card,Revolving loans,Contact center,B2 31-60,2,B0 Current,0,229,938,0.244136460554371,0,0,0,14443279.83,35682134.94,0.4047762235720081,12231201.96
credit_card,Revolving loans,Country-wide,B2 31-60,2,Missing,7,3,1127,0.0026619343389529724,0,0,0,169794.99,32442509.07,0.005233719427607761,0.0
credit_card,Revolving loans,Country-wide,B2 31-60,2,B2 31-60,2,99,1127,0.0878438331854481,0,0,0,5382007.92,32442509.07,0.16589370163656086,5324499.449999999
credit_card,Revolving loans,Country-wide,B2 31-60,2,B4 90+,4,45,1127,0.03992901508429459,0,0,0,34903.89000000001,32442509.07,0.0010758690064535136,101411.46
credit_card,Revolving loans,Country-wide,B2 31-60,2,B3 61-90,3,565,1127,0.5013309671694764,0,0,0,2935852.6500000004,32442509.07,0.09049400721952239,4120538.76
credit_card,Revolving loans,Country-wide,B2 31-60,2,Closed,5,1,1127,0.0008873114463176575,0,0,0,0.0,32442509.07,0.0,0.0
credit_card,Revolving loans,Country-wide,B2 31-60,2,B0 Current,0,282,1127,0.2502218278615794,0,0,0,13380825.465,32442509.07,0.41244730597527735,11698656.975000001
credit_card,Revolving loans,Country-wide,B2 31-60,2,B1 1-30,1,132,1127,0.11712511091393078,0,0,0,10539124.155,32442509.07,0.32485539673457814,10560549.870000001
credit_card,Revolving loans,Credit and cash offices,B2 31-60,2,B1 1-30,1,16,256,0.0625,0,0,0,1751027.13,7499161.395,0.2334963921655936,1679917.9499999997
credit_card,Revolving loans,Credit and cash offices,B2 31-60,2,B3 61-90,3,166,256,0.6484375,0,0,0,2151334.215,7499161.395,0.28687663882449355,2578782.42
credit_card,Revolving loans,Credit and cash offices,B2 31-60,2,B4 90+,4,2,256,0.0078125,0,0,0,482.94000000000005,7499161.395,6.439920073223069e-05,617.94
credit_card,Revolving loans,Credit and cash offices,B2 31-60,2,B2 31-60,2,4,256,0.015625,0,0,0,659.52,7499161.395,8.79458335754354e-05,929.52
credit_card,Revolving loans,Credit and cash offices,B2 31-60,2,B0 Current,0,64,256,0.25,0,0,0,2373305.9399999995,7499161.395,0.3164761784674191,2201322.2849999997
credit_card,Revolving loans,Credit and cash offices,B2 31-60,2,Missing,7,4,256,0.015625,0,0,0,1222351.65,7499161.395,0.16299844550818604,0.0
credit_card,Revolving loans,Stone,B3 61-90,3,B0 Current,0,24,169,0.14201183431952663,0,0,0,686541.42,1229609.2500000002,0.5583411315423985,662626.35
credit_card,Revolving loans,Stone,B3 61-90,3,B2 31-60,2,2,169,0.011834319526627219,0,0,0,176088.33000000002,1229609.2500000002,0.1432067382381842,166366.48500000002
credit_card,Revolving loans,Stone,B3 61-90,3,B4 90+,4,135,169,0.7988165680473372,0,0,0,150102.67500000002,1229609.2500000002,0.12207347578102555,153801.04499999993
credit_card,Revolving loans,Stone,B3 61-90,3,B1 1-30,1,7,169,0.04142011834319527,0,0,0,99388.215,1229609.2500000002,0.08082910485587187,97019.37
credit_card,Revolving loans,Stone,B3 61-90,3,B3 61-90,3,1,169,0.005917159763313609,0,0,0,117488.61,1229609.2500000002,0.0955495495825198,114932.34
pos_cash,Cash loans,AP+ (Cash loan),B2 31-60,2,Closed,5,3,46,0.06521739130434782,0,0,0,6666.84,20525721.615000002,0.00032480417132462407,0.0
pos_cash,Cash loans,AP+ (Cash loan),B2 31-60,2,B1 1-30,1,9,46,0.1956521739130435,0,0,0,7866478.8900000015,20525721.615000002,0.383249809071329,7622961.03
pos_cash,Cash loans,AP+ (Cash loan),B2 31-60,2,B2 31-60,2,3,46,0.06521739130434782,0,0,0,2834940.96,20525721.615000002,0.13811650636088973,2753813.34
pos_cash,Cash loans,AP+ (Cash loan),B2 31-60,2,B0 Current,0,17,46,0.3695652173913043,0,0,0,3816687.24,20525721.615000002,0.1859465558185687,3613012.245
pos_cash,Cash loans,AP+ (Cash loan),B2 31-60,2,B3 61-90,3,14,46,0.30434782608695654,0,0,0,6000947.685,20525721.615000002,0.29236232457788786,5813011.845
pos_cash,Cash loans,Country-wide,B1 1-30,1,Other,6,1,12505,7.996801279488205e-05,0,0,0,7346.7,1783662980.3100004,4.118883489258237e-06,0.0
pos_cash,Cash loans,Country-wide,B1 1-30,1,Closed,5,836,12505,0.0668532586965214,0,0,0,16093954.214999998,1783662980.3100004,0.009022979336714646,0.0
pos_cash,Cash loans,Country-wide,B1 1-30,1,B0 Current,0,5294,12505,0.4233506597361056,0,0,0,878304523.1399999,1783662980.3100004,0.4924161867099751,792189961.7850003
pos_cash,Cash loans,Country-wide,B1 1-30,1,Missing,7,19,12505,0.001519392243102759,0,0,0,1967771.2049999998,1783662980.3100004,0.001103219176897421,0.0
pos_cash,Cash loans,Country-wide,B1 1-30,1,B2 31-60,2,249,12505,0.01991203518592563,0,0,0,17820348.075000003,1783662980.3100004,0.009990871746355821,15967820.925
pos_cash,Cash loans,Country-wide,B1 1-30,1,B3 61-90,3,3,12505,0.00023990403838464614,0,0,0,0.0,1783662980.3100004,0.0,0.0
pos_cash,Cash loans,Country-wide,B1 1-30,1,B1 1-30,1,6103,12505,0.4880447820871651,0,0,0,869469036.9750006,1783662980.3100004,0.48746262414656777,788091373.2150003
pos_cash,Cash loans,Stone,B2 31-60,2,Closed,5,1,6,0.16666666666666666,0,0,0,0.0,1032315.975,0.0,0.0
pos_cash,Cash loans,Stone,B2 31-60,2,B3 61-90,3,5,6,0.8333333333333334,0,0,0,1032315.975,1032315.975,1.0,996990.75
pos_cash,Consumer loans,Country-wide,B3 61-90,3,B1 1-30,1,1,2103,0.00047551117451260106,0,0,0,45488.43,1011292.1100000001,0.044980505187566425,42812.64
pos_cash,Consumer loans,Country-wide,B3 61-90,3,Closed,5,116,2103,0.05515929624346172,0,0,0,45515.79,1011292.1100000001,0.04500755968520312,0.0
pos_cash,Consumer loans,Country-wide,B3 61-90,3,B0 Current,0,74,2103,0.03518782691393248,0,0,0,547713.9,1011292.1100000001,0.5415981145151029,428414.85
pos_cash,Consumer loans,Country-wide,B3 61-90,3,Missing,7,14,2103,0.006657156443176415,1,0,0,39496.545,1011292.1100000001,0.03905552570760192,0.0
pos_cash,Consumer loans,Country-wide,B3 61-90,3,B3 61-90,3,8,2103,0.0038040893961008085,0,0,0,0.0,1011292.1100000001,0.0,0.0
pos_cash,Consumer loans,Country-wide,B3 61-90,3,B4 90+,4,1888,2103,0.8977650974797908,0,0,0,309026.51999999996,1011292.1100000001,0.3055759230634163,260253.0
pos_cash,Consumer loans,Country-wide,B3 61-90,3,B2 31-60,2,2,2103,0.0009510223490252021,0,0,0,24050.925000000003,1011292.1100000001,0.023782371841109293,16033.95
pos_cash,Cash loans,Country-wide,B0 Current,0,B1 1-30,1,6065,370231,0.01638166442032137,0,0,23,1030968387.405,81941274717.79541,0.01258179581603582,928228292.4150003
pos_cash,Cash loans,Country-wide,B0 Current,0,B0 Current,0,338145,370231,0.9133351880312561,0,22,23,78979785390.85541,81941274717.79541,0.9638583932561541,73191836556.63052
pos_cash,Cash loans,Country-wide,B0 Current,0,B4 90+,4,5,370231,1.350508196234243e-05,0,0,23,51927.75,81941274717.79541,6.337190894190801e-07,44509.5
pos_cash,Cash loans,Country-wide,B0 Current,0,Missing,7,1997,370231,0.0053939297357595666,1,1,23,350319235.99499995,81941274717.79541,0.004275247574576969,0.0
pos_cash,Cash loans,Country-wide,B0 Current,0,Other,6,7,370231,1.89071147472794e-05,0,0,23,1140536.88,81941274717.79541,1.3918954567499624e-05,1041078.4199999999
pos_cash,Cash loans,Country-wide,B0 Current,0,B2 31-60,2,16,370231,4.321626227949577e-05,0,0,23,2363472.045,81941274717.79541,2.8843486425366998e-05,1967492.88
pos_cash,Cash loans,Country-wide,B0 Current,0,Closed,5,23996,370231,0.06481358935367379,0,0,23,1576645766.8650012,81941274717.79541,0.019241167193150787,0.0
pos_cash,Cash loans,Country-wide,B4 90+,4,B1 1-30,1,1,1524,0.0006561679790026247,0,0,0,24138.0,1094022.4500000002,0.022063532608494456,20115.0
pos_cash,Cash loans,Country-wide,B4 90+,4,B4 90+,4,1430,1524,0.9383202099737533,0,0,0,1026406.35,1094022.4500000002,0.9381949611728716,108454.95000000001
pos_cash,Cash loans,Country-wide,B4 90+,4,B0 Current,0,43,1524,0.02821522309711286,0,0,0,29673.0,1094022.4500000002,0.027122843777108958,22254.75
pos_cash,Cash loans,Country-wide,B4 90+,4,Closed,5,44,1524,0.028871391076115485,0,0,0,0.0,1094022.4500000002,0.0,0.0
pos_cash,Cash loans,Country-wide,B4 90+,4,Missing,7,6,1524,0.003937007874015748,0,0,0,13805.1,1094022.4500000002,0.01261866244152485,0.0
credit_card,Revolving loans,Khác,B1 1-30,1,B1 1-30,1,1,11,0.09090909090909091,0,0,0,47918.385,764329.68,0.06269334588707846,47203.155
credit_card,Revolving loans,Khác,B1 1-30,1,B0 Current,0,10,11,0.9090909090909091,0,0,0,716411.295,764329.68,0.9373066541129216,680686.92
pos_cash,Consumer loans,Stone,B0 Current,0,Closed,5,129673,1522719,0.08515885071375612,0,0,0,3159970574.4,128618850145.68015,0.024568487207130677,79630.11
pos_cash,Consumer loans,Stone,B0 Current,0,Missing,7,32585,1522719,0.021399220736064893,1,0,0,1085629124.9250002,128618850145.68015,0.008440668873150104,0.0
pos_cash,Consumer loans,Stone,B0 Current,0,B2 31-60,2,61,1522719,4.0059919131500955e-05,0,0,0,1650714.3,128618850145.68015,1.2834155321170408e-05,859229.685
pos_cash,Consumer loans,Stone,B0 Current,0,Other,6,14,1522719,9.19407980067235e-06,0,0,0,897579.6299999999,128618850145.68015,6.978600951441847e-06,696457.125
pos_cash,Consumer loans,Stone,B0 Current,0,B0 Current,0,1342791,1522719,0.881837686401759,0,0,0,123398161826.89514,128618850145.68015,0.9594096175415051,107537006636.23445
pos_cash,Consumer loans,Stone,B0 Current,0,B4 90+,4,73,1522719,4.794055896064868e-05,0,0,0,0.0,128618850145.68015,0.0,0.0
pos_cash,Consumer loans,Stone,B0 Current,0,B1 1-30,1,17522,1522719,0.011507047590527208,0,0,0,972540325.5299997,128618850145.68015,0.007561413621941511,787826465.3700002
pos_cash,Consumer loans,Stone,B4 90+,4,Closed,5,566,19263,0.029382754503452214,0,0,0,0.0,7819.695,0.0,0.0
pos_cash,Consumer loans,Stone,B4 90+,4,B4 90+,4,18004,19263,0.9346415407776566,0,0,0,0.0,7819.695,0.0,0.0
pos_cash,Consumer loans,Stone,B4 90+,4,B0 Current,0,512,19263,0.026579452837045114,0,0,0,0.0,7819.695,0.0,0.0
pos_cash,Consumer loans,Stone,B4 90+,4,B1 1-30,1,1,19263,5.191299382235374e-05,0,0,0,7819.695,7819.695,1.0,0.0
pos_cash,Consumer loans,Stone,B4 90+,4,Missing,7,177,19263,0.009188599906556611,1,0,0,0.0,7819.695,0.0,0.0
pos_cash,Consumer loans,Stone,B4 90+,4,Other,6,3,19263,0.0001557389814670612,0,0,0,0.0,7819.695,0.0,0.0
pos_cash,Consumer loans,Regional / Local,B1 1-30,1,B1 1-30,1,3743,10473,0.35739520672204717,0,0,0,218737788.255,527726622.91499996,0.41449072068177945,180347001.39000005
pos_cash,Consumer loans,Regional / Local,B1 1-30,1,Closed,5,1200,10473,0.11458034947006589,0,0,0,6665619.644999999,527726622.91499996,0.012630819359048365,0.0
pos_cash,Consumer loans,Regional / Local,B1 1-30,1,Missing,7,225,10473,0.021483815525637353,0,0,0,1699399.26,527726622.91499996,0.003220226507832862,0.0
pos_cash,Consumer loans,Regional / Local,B1 1-30,1,B2 31-60,2,479,10473,0.04573665616346796,0,0,0,5228846.1450000005,527726622.91499996,0.009908247789579876,4239341.37
pos_cash,Consumer loans,Regional / Local,B1 1-30,1,B0 Current,0,4817,10473,0.4599446194977561,0,0,0,295394969.60999995,527726622.91499996,0.5597499856617595,244530457.15499988
pos_cash,Consumer loans,Regional / Local,B1 1-30,1,B3 61-90,3,9,10473,0.0008593526210254941,0,0,0,0.0,527726622.91499996,0.0,0.0
credit_card,Revolving loans,Contact center,B1 1-30,1,Missing,7,7,21977,0.00031851481093870865,0,0,0,855957.4650000001,2361744023.58,0.0003624260108013378,0.0
credit_card,Revolving loans,Contact center,B1 1-30,1,B0 Current,0,12900,21977,0.5869772944441917,0,0,0,1421120043.5400004,2361744023.58,0.6017248395047595,1261504550.925
credit_card,Revolving loans,Contact center,B1 1-30,1,B2 31-60,2,835,21977,0.0379942667334031,0,0,0,27449736.795,2361744023.58,0.011622655343228474,30470912.865000002
credit_card,Revolving loans,Contact center,B1 1-30,1,B3 61-90,3,10,21977,0.0004550211584838695,0,0,0,65036.655,2361744023.58,2.7537554599763762e-05,164645.41499999998
credit_card,Revolving loans,Contact center,B1 1-30,1,B1 1-30,1,8225,21977,0.3742549028529827,0,0,0,912253249.1249995,2361744023.58,0.38626254158661094,904312223.5949996
credit_card,Revolving loans,Country-wide,B1 1-30,1,B3 61-90,3,5,26081,0.0001917104405505924,0,0,0,813.33,2703855439.17,3.008038034199296e-07,1151.865
credit_card,Revolving loans,Country-wide,B1 1-30,1,B0 Current,0,14947,26081,0.5730991909819408,0,0,0,1589382402.5700004,2703855439.17,0.5878207760463302,1399538512.9800007
credit_card,Revolving loans,Country-wide,B1 1-30,1,B2 31-60,2,1020,26081,0.03910892987232085,0,0,0,23050574.684999995,2703855439.17,0.008525076581784937,26272192.095
credit_card,Revolving loans,Country-wide,B1 1-30,1,Missing,7,11,26081,0.00042176296921130323,0,0,0,1074573.36,2703855439.17,0.0003974226374801535,0.0
credit_card,Revolving loans,Country-wide,B1 1-30,1,Closed,5,4,26081,0.0001533683524404739,0,0,0,1558.035,2703855439.17,5.762271819081677e-07,0.0
credit_card,Revolving loans,Country-wide,B1 1-30,1,B1 1-30,1,10094,26081,0.3870250373835359,0,0,0,1090345517.1899998,2703855439.17,0.40325584770341943,1079145447.84
credit_card,Revolving loans,Credit and cash offices,B1 1-30,1,B0 Current,0,4422,6394,0.6915858617453863,0,0,0,804796013.5200001,1079869167.63,0.7452717770304472,721471443.8400002
credit_card,Revolving loans,Credit and cash offices,B1 1-30,1,Closed,5,3,6394,0.00046918986549890525,0,0,0,62.235,1079869167.63,5.763198160068575e-08,0.0
credit_card,Revolving loans,Credit and cash offices,B1 1-30,1,B1 1-30,1,1675,6394,0.2619643415702221,0,0,0,261351478.8,1079869167.63,0.2420214287380672,259108270.33500004
credit_card,Revolving loans,Credit and cash offices,B1 1-30,1,Missing,7,38,6394,0.0059430716296528,0,0,0,7372576.574999999,1079869167.63,0.0068272868565927005,0.0
credit_card,Revolving loans,Credit and cash offices,B1 1-30,1,B2 31-60,2,256,6394,0.040037535189239915,0,0,0,6349036.5,1079869167.63,0.0058794497429112596,7593777.045000001
pos_cash,Cash loans,AP+ (Cash loan),B1 1-30,1,B1 1-30,1,983,3198,0.30737961225766103,0,0,0,317118138.21000004,1091634782.13,0.2904983822439575,296298331.2
pos_cash,Cash loans,AP+ (Cash loan),B1 1-30,1,B2 31-60,2,42,3198,0.013133208255159476,0,0,0,20406668.13,1091634782.13,0.01869367710158746,19662432.885
pos_cash,Cash loans,AP+ (Cash loan),B1 1-30,1,Missing,7,17,3198,0.005315822388993121,0,0,0,2898235.17,1091634782.13,0.002654949455114427,0.0
pos_cash,Cash loans,AP+ (Cash loan),B1 1-30,1,Closed,5,145,3198,0.04534083802376485,0,0,0,11947734.495,1091634782.13,0.010944809281074348,0.0
pos_cash,Cash loans,AP+ (Cash loan),B1 1-30,1,B0 Current,0,2011,3198,0.6288305190744216,0,0,0,739264006.125,1091634782.13,0.6772081819182661,662459296.7249999
pos_cash,Cash loans,Country-wide,B2 31-60,2,B2 31-60,2,34,299,0.11371237458193979,0,0,0,4003445.34,20599039.395,0.19435106964122587,3589945.65
pos_cash,Cash loans,Country-wide,B2 31-60,2,Closed,5,26,299,0.08695652173913043,0,0,0,0.0,20599039.395,0.0,0.0
pos_cash,Cash loans,Country-wide,B2 31-60,2,Missing,7,4,299,0.013377926421404682,0,0,0,1369885.5,20599039.395,0.06650239721045012,0.0
pos_cash,Cash loans,Country-wide,B2 31-60,2,B1 1-30,1,77,299,0.25752508361204013,0,0,0,6356236.904999999,20599039.395,0.3085695785669912,5555069.009999999
pos_cash,Cash loans,Country-wide,B2 31-60,2,B3 61-90,3,97,299,0.32441471571906355,0,0,0,1439380.35,20599039.395,0.06987609093797746,1353930.12
pos_cash,Cash loans,Country-wide,B2 31-60,2,B0 Current,0,60,299,0.20066889632107024,0,0,0,7430091.300000001,20599039.395,0.3607008636433554,6766424.775
pos_cash,Cash loans,Country-wide,B2 31-60,2,B4 90+,4,1,299,0.0033444816053511705,0,0,0,0.0,20599039.395,0.0,0.0
pos_cash,Cash loans,Stone,B1 1-30,1,B2 31-60,2,6,311,0.01929260450160772,0,0,0,2414194.1999999997,134688425.26500005,0.017924288558946788,2339264.475
pos_cash,Cash loans,Stone,B1 1-30,1,Closed,5,16,311,0.05144694533762058,0,0,0,3862480.5000000005,134688425.26500005,0.028677152416033923,0.0
pos_cash,Cash loans,Stone,B1 1-30,1,B0 Current,0,194,311,0.6237942122186495,0,0,0,86631862.32000002,134688425.26500005,0.643201983760308,78317748.585
pos_cash,Cash loans,Stone,B1 1-30,1,Missing,7,4,311,0.012861736334405145,0,0,0,580991.22,134688425.26500005,0.004313594274020929,0.0
pos_cash,Cash loans,Stone,B1 1-30,1,B1 1-30,1,91,311,0.29260450160771706,0,0,0,41198897.025000006,134688425.26500005,0.3058829809906902,38723539.995000005
pos_cash,Consumer loans,Stone,B3 61-90,3,B2 31-60,2,2,1338,0.0014947683109118087,0,0,0,20542.05,559592.19,0.03670896479094893,8495.1
pos_cash,Consumer loans,Stone,B3 61-90,3,Other,6,1,1338,0.0007473841554559044,0,0,0,0.0,559592.19,0.0,0.0
pos_cash,Consumer loans,Stone,B3 61-90,3,Missing,7,12,1338,0.008968609865470852,0,0,0,0.0,559592.19,0.0,0.0
pos_cash,Consumer loans,Stone,B3 61-90,3,Closed,5,65,1338,0.04857997010463378,0,0,0,34323.615,559592.19,0.06133683709917396,0.0
pos_cash,Consumer loans,Stone,B3 61-90,3,B1 1-30,1,2,1338,0.0014947683109118087,0,0,0,100722.96,559592.19,0.17999350562773225,85274.64
pos_cash,Consumer loans,Stone,B3 61-90,3,B4 90+,4,1202,1338,0.898355754857997,0,0,0,28248.795,559592.19,0.050481038700700955,7819.695
pos_cash,Consumer loans,Stone,B3 61-90,3,B0 Current,0,45,1338,0.033632286995515695,0,0,0,281106.27,559592.19,0.5023413032265516,229235.39999999997
pos_cash,Consumer loans,Stone,B3 61-90,3,B3 61-90,3,9,1338,0.006726457399103139,0,0,0,94648.5,559592.19,0.1691383505548925,56789.09999999999
pos_cash,Consumer loans,Khác,B2 31-60,2,B0 Current,0,2,3,0.6666666666666666,0,0,0,2728145.88,3373566.255,0.808683059346051,2667854.79
pos_cash,Consumer loans,Khác,B2 31-60,2,B1 1-30,1,1,3,0.3333333333333333,0,0,0,645420.375,3373566.255,0.19131694065394902,619603.5599999999
credit_card,Revolving loans,Stone,B1 1-30,1,B1 1-30,1,2442,6396,0.3818011257035647,0,0,0,259174271.29499996,646909823.9700001,0.4006343105202541,257819514.52499998
credit_card,Revolving loans,Stone,B1 1-30,1,Closed,5,1,6396,0.00015634771732332708,0,0,0,261.0,646909823.9700001,4.034565411269804e-07,0.0
credit_card,Revolving loans,Stone,B1 1-30,1,B2 31-60,2,301,6396,0.04706066291432145,0,0,0,6237346.185000001,646909823.9700001,0.009641755239891445,6863517.405
credit_card,Revolving loans,Stone,B1 1-30,1,Missing,7,2,6396,0.00031269543464665416,0,0,0,282825.67500000005,646909823.9700001,0.0004371948987639981,0.0
credit_card,Revolving loans,Stone,B1 1-30,1,B0 Current,0,3647,6396,0.5702001250781739,0,0,0,381045060.9450002,646909823.9700001,0.5890234570972767,337121361.49499995
credit_card,Revolving loans,Stone,B1 1-30,1,B3 61-90,3,3,6396,0.00046904315196998124,0,0,0,170058.87,646909823.9700001,0.00026287878727265443,176236.245
pos_cash,Cash loans,Country-wide,B3 61-90,3,B4 90+,4,92,100,0.92,0,0,0,1014657.2999999999,1353930.1199999999,0.7494162992695664,968943.6
pos_cash,Cash loans,Country-wide,B3 61-90,3,B0 Current,0,1,100,0.01,0,0,0,0.0,1353930.1199999999,0.0,0.0
pos_cash,Cash loans,Country-wide,B3 61-90,3,B2 31-60,2,2,100,0.02,0,0,0,339272.82,1353930.1199999999,0.25058370073043357,299536.29
pos_cash,Cash loans,Country-wide,B3 61-90,3,Closed,5,5,100,0.05,0,0,0,0.0,1353930.1199999999,0.0,0.0
pos_cash,Consumer loans,Country-wide,B1 1-30,1,B0 Current,0,24149,58431,0.41329089010970205,0,2,2,1088239471.110001,2096703417.1500008,0.5190240365941785,894627471.1949996
pos_cash,Consumer loans,Country-wide,B1 1-30,1,B3 61-90,3,46,58431,0.0007872533415481508,0,0,2,46361.25,2096703417.1500008,2.211149637129783e-05,28278.9
pos_cash,Consumer loans,Country-wide,B1 1-30,1,B2 31-60,2,3013,58431,0.05156509387140388,0,0,2,21141895.5,2096703417.1500008,0.010083398217921386,16422528.735000001
pos_cash,Consumer loans,Country-wide,B1 1-30,1,Missing,7,2050,58431,0.035084116308124115,0,0,2,10254315.375,2096703417.1500008,0.004890684724947149,0.0
pos_cash,Consumer loans,Country-wide,B1 1-30,1,B1 1-30,1,23118,58431,0.3956461467371772,0,0,2,954725744.3399996,2096703417.1500008,0.45534610976965717,782468026.6949996
pos_cash,Consumer loans,Country-wide,B1 1-30,1,Closed,5,6055,58431,0.10362649963204464,0,0,2,22295629.575,2096703417.1500008,0.010633659196924437,0.0
pos_cash,Consumer loans,Stone,B2 31-60,2,Missing,7,63,2027,0.031080414405525406,0,0,0,237373.82999999996,13419321.119999997,0.01768895966325903,0.0
pos_cash,Consumer loans,Stone,B2 31-60,2,B2 31-60,2,63,2027,0.031080414405525406,0,0,0,1162737.135,13419321.119999997,0.08664649460299972,848865.8250000002
pos_cash,Consumer loans,Stone,B2 31-60,2,B3 61-90,3,1311,2027,0.6467686235816478,0,0,0,1043346.915,13419321.119999997,0.07774960489208416,855942.9750000001
pos_cash,Consumer loans,Stone,B2 31-60,2,B0 Current,0,213,2027,0.1050814010853478,0,0,0,5895063.224999999,13419321.119999997,0.4392966806803711,4663179.045
pos_cash,Consumer loans,Stone,B2 31-60,2,B4 90+,4,25,2027,0.0123334977799704,0,0,0,0.0,13419321.119999997,0.0,0.0
pos_cash,Consumer loans,Stone,B2 31-60,2,Closed,5,213,2027,0.1050814010853478,0,0,0,299477.7,13419321.119999997,0.022316903912051256,0.0
pos_cash,Consumer loans,Stone,B2 31-60,2,B1 1-30,1,139,2027,0.06857424765663542,0,0,0,4781322.3149999995,13419321.119999997,0.3563013562492348,3712258.89
pos_cash,Consumer loans,Regional / Local,B0 Current,0,B1 1-30,1,6702,758171,0.008839694475256902,0,0,0,423023072.4900002,61590594623.489746,0.0068683063554750194,345213012.24
pos_cash,Consumer loans,Regional / Local,B0 Current,0,B0 Current,0,673214,758171,0.8879448040085943,0,0,0,59143894229.114746,61590594623.489746,0.960274772319833,51476881500.76489
pos_cash,Consumer loans,Regional / Local,B0 Current,0,B4 90+,4,19,758171,2.5060309613530456e-05,0,0,0,0.0,61590594623.489746,0.0,0.0
pos_cash,Consumer loans,Regional / Local,B0 Current,0,Closed,5,66339,758171,0.08749873049747353,0,0,0,1532109796.5150006,61590594623.489746,0.024875710421062836,0.0
pos_cash,Consumer loans,Regional / Local,B0 Current,0,Missing,7,11874,758171,0.015661374544792665,0,0,0,490329636.525,61590594623.489746,0.00796111223673745,0.0
pos_cash,Consumer loans,Regional / Local,B0 Current,0,B2 31-60,2,19,758171,2.5060309613530456e-05,0,0,0,944190.72,61590594623.489746,1.533011210188738e-05,614304.27
pos_cash,Consumer loans,Regional / Local,B0 Current,0,Other,6,4,758171,5.275854655480096e-06,0,0,0,293698.125,61590594623.489746,4.7685547898248066e-06,251741.25
pos_cash,Consumer loans,Regional / Local,B4 90+,4,B4 90+,4,4045,4337,0.932672354161863,0,0,0,92698.875,141497.91,0.6551254007921389,81793.125
pos_cash,Consumer loans,Regional / Local,B4 90+,4,B0 Current,0,111,4337,0.02559372838367535,0,0,0,6161.985,141497.91,0.043548240394504764,0.0
pos_cash,Consumer loans,Regional / Local,B4 90+,4,Closed,5,134,4337,0.03089693336407655,0,0,0,4466.925,141497.91,0.03156884084012266,0.0
pos_cash,Consumer loans,Regional / Local,B4 90+,4,Missing,7,47,4337,0.010836984090385058,0,0,0,38170.125,141497.91,0.26975751797323366,0.0
credit_card,Revolving loans,AP+ (Cash loan),B2 31-60,2,B3 61-90,3,30,40,0.75,0,0,0,149090.66999999998,1228957.335,0.12131476476357902,195224.84999999998
credit_card,Revolving loans,AP+ (Cash loan),B2 31-60,2,B0 Current,0,10,40,0.25,0,0,0,1079866.665,1228957.335,0.8786852352364211,981537.48
credit_card,Revolving loans,Regional / Local,B3 61-90,3,B2 31-60,2,1,56,0.017857142857142856,0,0,0,259.965,285424.11000000004,0.0009108025247061292,124.965
credit_card,Revolving loans,Regional / Local,B3 61-90,3,B4 90+,4,47,56,0.8392857142857143,0,0,0,8719.605,285424.11000000004,0.030549644176870686,8724.78
credit_card,Revolving loans,Regional / Local,B3 61-90,3,B0 Current,0,6,56,0.10714285714285714,0,0,0,207195.075,285424.11000000004,0.7259200177588361,137284.875
credit_card,Revolving loans,Regional / Local,B3 61-90,3,B1 1-30,1,2,56,0.03571428571428571,0,0,0,69249.46500000001,285424.11000000004,0.24261953553958704,49638.6
pos_cash,(không rõ),(không rõ),B1 1-30,1,Closed,5,920,9329,0.09861721513559867,0,920,9329,0.0,0.0,,0.0
pos_cash,(không rõ),(không rõ),B1 1-30,1,B0 Current,0,3211,9329,0.34419551934826886,0,3211,9329,0.0,0.0,,0.0
pos_cash,(không rõ),(không rõ),B1 1-30,1,B3 61-90,3,15,9329,0.001607889377210848,0,15,9329,0.0,0.0,,0.0
pos_cash,(không rõ),(không rõ),B1 1-30,1,B1 1-30,1,4071,9329,0.4363811769750241,0,4071,9329,0.0,0.0,,0.0
pos_cash,(không rõ),(không rõ),B1 1-30,1,B2 31-60,2,1031,9329,0.11051559652695894,0,1031,9329,0.0,0.0,,0.0
pos_cash,(không rõ),(không rõ),B1 1-30,1,Missing,7,81,9329,0.00868260263693858,0,81,9329,0.0,0.0,,0.0
credit_card,Revolving loans,AP+ (Cash loan),B1 1-30,1,Closed,5,1,715,0.0013986013986013986,0,0,0,555.255,125197749.85499997,4.435023797496988e-06,0.0
credit_card,Revolving loans,AP+ (Cash loan),B1 1-30,1,B2 31-60,2,42,715,0.05874125874125874,0,0,0,944791.2000000001,125197749.85499997,0.007546391217847182,1228957.335
credit_card,Revolving loans,AP+ (Cash loan),B1 1-30,1,Missing,7,7,715,0.009790209790209791,0,0,0,734071.5,125197749.85499997,0.0058632962720989645,0.0
credit_card,Revolving loans,AP+ (Cash loan),B1 1-30,1,B0 Current,0,555,715,0.7762237762237763,0,0,0,101802039.47999997,125197749.85499997,0.8131299452099087,94715049.55499998
credit_card,Revolving loans,AP+ (Cash loan),B1 1-30,1,B1 1-30,1,110,715,0.15384615384615385,0,0,0,21716292.42,125197749.85499997,0.17345593227634776,21631857.705
pos_cash,(không rõ),(không rõ),B2 31-60,2,B1 1-30,1,93,1298,0.07164869029275808,0,93,1298,0.0,0.0,,0.0
pos_cash,(không rõ),(không rõ),B2 31-60,2,B3 61-90,3,803,1298,0.6186440677966102,0,803,1298,0.0,0.0,,0.0
pos_cash,(không rõ),(không rõ),B2 31-60,2,B0 Current,0,177,1298,0.13636363636363635,0,177,1298,0.0,0.0,,0.0
pos_cash,(không rõ),(không rõ),B2 31-60,2,B4 90+,4,19,1298,0.014637904468412942,0,19,1298,0.0,0.0,,0.0
pos_cash,(không rõ),(không rõ),B2 31-60,2,Missing,7,9,1298,0.006933744221879815,0,9,1298,0.0,0.0,,0.0
pos_cash,(không rõ),(không rõ),B2 31-60,2,B2 31-60,2,102,1298,0.07858243451463791,0,102,1298,0.0,0.0,,0.0
pos_cash,(không rõ),(không rõ),B2 31-60,2,Closed,5,95,1298,0.07318952234206472,0,95,1298,0.0,0.0,,0.0
pos_cash,Cash loans,Contact center,B0 Current,0,Missing,7,2606,113309,0.022999055679601796,0,0,0,1460952032.5800002,81991691156.29503,0.01781829368289391,0.0
pos_cash,Cash loans,Contact center,B0 Current,0,B0 Current,0,104052,113309,0.9183030474190047,0,0,0,77328911456.01004,81991691156.29503,0.9431310705447378,73325590901.01
pos_cash,Cash loans,Contact center,B0 Current,0,Closed,5,5915,113309,0.05220238462964107,0,0,0,2787373992.9150004,81991691156.29503,0.033995810473059086,0.0
pos_cash,Cash loans,Contact center,B0 Current,0,B1 1-30,1,736,113309,0.0064955122717524644,0,0,0,414453674.78999996,81991691156.29503,0.005054825299309364,389677193.775
pos_cash,Cash loans,Regional / Local,B3 61-90,3,B4 90+,4,1,1,1.0,0,0,0,565137.0,565137.0,1.0,502344.0
