channel_type,contract_type,client_type,yield_group,n_applications,n_approved,n_unused_offer,n_refused,n_canceled,credit_amount_approved_total,credit_amount_approved_median,n_offered,n_decided,approval_rate,take_up_rate
Credit and cash offices,Cash loans,Repeater,Unknown,237013,2,426,20610,215975,877500.0,438750.0,428,21038,0.020344139176727827,0.004672897196261682
Country-wide,Consumer loans,Repeater,low_normal,45258,37271,566,7409,12,3559688034.704999,75375.0,37837,45246,0.83625071829554,0.9850410973385839
Country-wide,Cash loans,New,high,1992,1851,0,141,0,272748681.0,135000.0,1851,1992,0.9292168674698795,1.0
AP+ (Cash loan),Cash loans,Repeater,low_normal,9473,4990,0,4446,37,2582709384.8250003,409896.0,4990,9436,0.5288257736328953,1.0
Credit and cash offices,Revolving loans,New,Unknown,2956,1513,0,668,775,271102500.0,135000.0,1513,2181,0.6937184777624943,1.0
Stone,Cash loans,Repeater,low_normal,1193,662,0,530,1,328366818.0,398790.0,662,1192,0.5553691275167785,1.0
Khác,Cash loans,Refreshed,low_normal,261,162,0,99,0,107857557.0,491580.0,162,261,0.6206896551724138,1.0
Regional / Local,Consumer loans,New,middle,12405,12050,0,352,3,1175498914.5,82374.75,12050,12402,0.9716174810514433,1.0
Credit and cash offices,Cash loans,Repeater,low_action,15072,6520,0,8318,234,7416417560.309999,1250284.5,6520,14838,0.4394123197196388,1.0
Khác,Cash loans,Repeater,low_action,1238,205,0,1016,17,149549655.555,491580.0,205,1221,0.1678951678951679,1.0
Contact center,Revolving loans,Refreshed,Unknown,192,146,0,19,27,31387500.0,225000.0,146,165,0.8848484848484849,1.0
Country-wide,Cash loans,Repeater,Unknown,1595,0,5,898,692,,,5,903,0.005537098560354375,0.0
Credit and cash offices,Cash loans,New,low_normal,1479,1262,0,190,27,888800292.0,534204.0,1262,1452,0.8691460055096418,1.0
Country-wide,Consumer loans,Unknown,low_normal,65,59,0,6,0,6151677.705,102852.0,59,65,0.9076923076923077,1.0
Khác,Consumer loans,Refreshed,low_normal,21,6,0,11,4,8741083.5,1629560.25,6,17,0.35294117647058826,1.0
Country-wide,Cash loans,Repeater,low_action,326,143,0,183,0,121773708.0,744498.0,143,326,0.4386503067484663,1.0
Regional / Local,Consumer loans,Unknown,middle,31,29,0,2,0,2039994.0,63724.5,29,31,0.9354838709677419,1.0
Contact center,Cash loans,Refreshed,high,401,286,0,57,58,83090457.0,236250.0,286,343,0.8338192419825073,1.0
Credit and cash offices,Cash loans,Unknown,low_normal,145,55,0,87,3,41814801.0,749349.0,55,142,0.3873239436619718,1.0
Credit and cash offices,Consumer loans,New,Unknown,17,0,0,2,15,,,0,2,0.0,
Khác,Cash loans,Unknown,low_action,2,1,0,1,0,1575000.0,1575000.0,1,2,0.5,1.0
Stone,Cash loans,Refreshed,high,44,36,0,8,0,7995753.0,188685.0,36,44,0.8181818181818182,1.0
Stone,Consumer loans,Unknown,low_action,5,5,0,0,0,774450.0,180000.0,5,5,1.0,1.0
Khác,Cash loans,Repeater,Unknown,78,0,0,6,72,,,0,6,0.0,
Regional / Local,Cash loans,Refreshed,low_action,2,2,0,0,0,2549223.0,1274611.5,2,2,1.0,1.0
Khác,Consumer loans,Repeater,middle,1,0,0,1,0,,,0,1,0.0,
Regional / Local,Cash loans,Unknown,low_normal,1,1,0,0,0,450000.0,450000.0,1,1,1.0,1.0
Country-wide,Consumer loans,Repeater,middle,55471,48180,154,7110,27,4095374645.1150007,70839.0,48334,55444,0.8717624990981891,0.9968138370505234
Stone,Consumer loans,New,high,24390,23776,0,612,2,1228936192.2,36598.5,23776,24388,0.9749056913236017,1.0
Stone,Consumer loans,Repeater,low_action,4124,3529,0,595,0,474379070.80499995,105165.0,3529,4124,0.8557225994180407,1.0
Regional / Local,Consumer loans,New,low_normal,9649,9474,0,175,0,1178262670.5,101900.25,9474,9649,0.9818634055342522,1.0
AP+ (Cash loan),Cash loans,Repeater,middle,11817,7950,0,3837,30,2495504202.075,225000.0,7950,11787,0.6744718757953678,1.0
Stone,Consumer loans,Refreshed,high,2824,2641,0,181,2,157697035.2,42714.0,2641,2822,0.9358610914245216,1.0
Stone,Consumer loans,Repeater,Unknown,1260,0,614,635,11,,,614,1249,0.49159327461969576,0.0
Country-wide,Consumer loans,Unknown,middle,121,107,1,13,0,7934206.859999999,62460.0,108,121,0.8925619834710744,0.9907407407407407
Credit and cash offices,Cash loans,New,middle,3195,2750,0,367,78,1356945520.5,474354.0,2750,3117,0.8822585819698427,1.0
Stone,Cash loans,Repeater,middle,1080,824,0,256,0,272458237.5,225000.0,824,1080,0.762962962962963,1.0
AP+ (Cash loan),Revolving loans,New,Unknown,1481,768,0,655,58,81090000.0,56250.0,768,1423,0.5397048489107519,1.0
Regional / Local,Consumer loans,Refreshed,high,1316,1231,0,85,0,79329028.5,48852.0,1231,1316,0.9354103343465046,1.0
Contact center,Cash loans,New,high,283,269,0,11,3,57475939.5,215640.0,269,280,0.9607142857142857,1.0
Stone,Revolving loans,Refreshed,Unknown,448,325,0,123,0,27144000.0,45000.0,325,448,0.7254464285714286,1.0
Regional / Local,Cash loans,Repeater,low_action,162,59,0,103,0,49445068.5,697500.0,59,162,0.36419753086419754,1.0
Credit and cash offices,Cash loans,Unknown,middle,70,48,0,22,0,20206354.5,368532.0,48,70,0.6857142857142857,1.0
Contact center,Cash loans,Unknown,Unknown,95,0,0,7,88,,,0,7,0.0,
Khác,Consumer loans,New,low_normal,145,116,0,15,14,129037297.5,969660.0,116,131,0.8854961832061069,1.0
Khác,Consumer loans,Repeater,low_normal,191,99,0,70,22,104479641.0,980100.0,99,169,0.5857988165680473,1.0
Regional / Local,Cash loans,Repeater,Unknown,19,0,0,2,17,,,0,2,0.0,
Credit and cash offices,Unknown,New,Unknown,3,0,0,0,3,,,0,0,,
Stone,Cash loans,New,high,91,80,0,11,0,15372612.0,152820.0,80,91,0.8791208791208791,1.0
Khác,Cash loans,Refreshed,middle,18,17,0,1,0,5816398.5,284256.0,17,18,0.9444444444444444,1.0
Country-wide,Unknown,Refreshed,Unknown,24,0,0,1,23,,,0,1,0.0,
Regional / Local,Consumer loans,Unknown,low_normal,25,24,0,1,0,2397069.0,83211.75,24,25,0.96,1.0
Khác,Cash loans,New,high,1,1,0,0,0,225000.0,225000.0,1,1,1.0,1.0
Contact center,Revolving loans,Unknown,Unknown,2,0,0,0,2,,,0,0,,
Stone,Consumer loans,Repeater,high,27914,23382,0,4518,14,1278998313.3,39462.75,23382,27900,0.8380645161290322,1.0
Country-wide,Consumer loans,New,low_normal,35239,33936,21,1278,4,2996902782.1800003,59874.75,33957,35235,0.9637292464878672,0.9993815708101422
Regional / Local,Consumer loans,Repeater,low_normal,14229,12377,0,1850,2,1453696774.2,96898.5,12377,14227,0.8699655584452098,1.0
AP+ (Cash loan),Revolving loans,Repeater,Unknown,11136,5726,3,4438,969,1506375000.0,180000.0,5729,10167,0.5634897216484706,0.9994763484028626
Regional / Local,Consumer loans,Refreshed,low_action,1803,1698,0,105,0,238695939.0,115605.0,1698,1803,0.9417637271214643,1.0
Country-wide,Consumer loans,Refreshed,middle,10751,10234,24,489,4,857174834.8799999,68058.0,10258,10747,0.954498929933935,0.9976603626437902
Stone,Consumer loans,Refreshed,low_action,952,911,0,41,0,130544229.91499999,112063.5,911,952,0.9569327731092437,1.0
Credit and cash offices,Cash loans,Refreshed,low_normal,8802,7258,0,1457,87,4211474427.0,472500.0,7258,8715,0.8328169822145726,1.0
Contact center,Cash loans,Repeater,low_normal,13128,5110,0,4744,3274,3634792605.0,540000.0,5110,9854,0.518571138623909,1.0
AP+ (Cash loan),Cash loans,Refreshed,low_normal,1331,1020,0,298,13,449894457.0,325035.0,1020,1318,0.7738998482549317,1.0
Regional / Local,Cash loans,Repeater,high,558,389,0,168,1,100918633.5,202500.0,389,557,0.6983842010771992,1.0
Khác,Cash loans,New,low_action,190,100,0,85,5,80193550.5,553725.0,100,185,0.5405405405405406,1.0
Khác,Revolving loans,New,Unknown,428,300,0,126,2,25965000.0,45000.0,300,426,0.704225352112676,1.0
Stone,Consumer loans,New,low_action,3212,3090,0,122,0,449336201.31,117776.25,3090,3212,0.9620174346201743,1.0
Country-wide,Cash loans,Refreshed,low_normal,392,328,0,64,0,116730751.5,284611.5,328,392,0.8367346938775511,1.0
Credit and cash offices,Consumer loans,Repeater,Unknown,847,0,0,36,811,,,0,36,0.0,
Stone,Revolving loans,New,Unknown,709,579,0,130,0,30550500.0,45000.0,579,709,0.8166431593794076,1.0
AP+ (Cash loan),Cash loans,New,middle,644,520,0,112,12,210847135.5,384277.5,520,632,0.8227848101265823,1.0
Regional / Local,Consumer loans,Refreshed,Unknown,111,0,68,42,1,,,68,110,0.6181818181818182,0.0
Regional / Local,Revolving loans,Unknown,Unknown,11,3,0,8,0,360000.0,45000.0,3,11,0.2727272727272727,1.0
Stone,Consumer loans,New,Unknown,289,0,207,74,8,,,207,281,0.7366548042704626,0.0
Contact center,Cash loans,New,Unknown,115,0,0,8,107,,,0,8,0.0,
Stone,Consumer loans,Refreshed,Unknown,121,0,72,45,4,,,72,117,0.6153846153846154,0.0
AP+ (Cash loan),Cash loans,Unknown,middle,9,4,0,5,0,883665.0,226147.5,4,9,0.4444444444444444,1.0
Country-wide,Unknown,New,Unknown,17,0,0,1,16,,,0,1,0.0,
Regional / Local,Cash loans,New,middle,17,14,0,3,0,7111998.0,450888.75,14,17,0.8235294117647058,1.0
Khác,Cash loans,New,Unknown,6,0,0,1,5,,,0,1,0.0,
Contact center,Cash loans,New,low_action,2,2,0,0,0,2694204.0,1347102.0,2,2,1.0,1.0
Country-wide,Cash loans,Unknown,high,2,0,0,2,0,,,0,2,0.0,
Stone,Cash loans,New,low_action,4,3,0,1,0,1237500.0,427500.0,3,4,0.75,1.0
Contact center,Cash loans,Unknown,high,7,0,0,7,0,,,0,7,0.0,
Stone,Revolving loans,Unknown,Unknown,4,0,0,4,0,,,0,4,0.0,
AP+ (Cash loan),Unknown,New,Unknown,1,0,0,0,1,,,0,0,,
Regional / Local,Consumer loans,Refreshed,low_normal,2860,2720,0,140,0,336888963.9,102820.5,2720,2860,0.951048951048951,1.0
Regional / Local,Consumer loans,Repeater,low_action,8544,7351,0,1193,0,983169706.5,113764.5,7351,8544,0.860369850187266,1.0
Khác,Revolving loans,Repeater,Unknown,771,392,0,369,10,37170000.0,45000.0,392,761,0.5151116951379764,1.0
Stone,Consumer loans,New,low_normal,25222,24664,0,558,0,3352251011.94,94574.25,24664,25222,0.9778764570612957,1.0
Credit and cash offices,Cash loans,Refreshed,low_action,1104,691,0,385,28,799027330.5,1250284.5,691,1076,0.6421933085501859,1.0
Country-wide,Revolving loans,Repeater,Unknown,18545,14481,0,3964,100,1620234000.0,90000.0,14481,18445,0.7850908105177555,1.0
Country-wide,Consumer loans,New,low_action,16423,15579,0,843,1,2180192465.115,117904.5,15579,16422,0.9486664230909755,1.0
Credit and cash offices,Cash loans,Refreshed,Unknown,14863,2,26,592,14243,495000.0,247500.0,28,620,0.04516129032258064,0.07142857142857142
Stone,Consumer loans,Refreshed,low_normal,6462,6079,0,383,0,886322520.0,114750.0,6079,6462,0.9407304240173321,1.0
Stone,Revolving loans,Repeater,Unknown,4126,3320,0,804,2,368509500.0,90000.0,3320,4124,0.8050436469447139,1.0
Regional / Local,Consumer loans,New,high,7902,7674,0,228,0,484593403.5,48305.25,7674,7902,0.9711465451784358,1.0
Regional / Local,Consumer loans,Repeater,Unknown,910,0,458,410,42,,,458,868,0.5276497695852534,0.0
Khác,Cash loans,New,low_normal,611,513,0,97,1,331968789.0,470790.0,513,610,0.840983606557377,1.0
Country-wide,Consumer loans,New,Unknown,2662,0,1688,951,23,,,1688,2639,0.6396362258431224,0.0
Contact center,Cash loans,Refreshed,middle,1156,789,0,143,224,325467396.0,299223.0,789,932,0.8465665236051502,1.0
Country-wide,Unknown,Repeater,Unknown,301,0,0,29,272,,,0,29,0.0,
Contact center,Cash loans,Repeater,low_action,2305,626,0,1096,583,668700720.0,1161650.25,626,1722,0.3635307781649245,1.0
Country-wide,Cash loans,Refreshed,Unknown,135,0,0,45,90,,,0,45,0.0,
Country-wide,Cash loans,New,middle,306,279,0,27,0,53907880.5,157500.0,279,306,0.9117647058823529,1.0
AP+ (Cash loan),Cash loans,Refreshed,Unknown,296,0,0,42,254,,,0,42,0.0,
Regional / Local,Revolving loans,Refreshed,Unknown,747,549,0,198,0,51858000.0,45000.0,549,747,0.7349397590361446,1.0
Contact center,Cash loans,Repeater,Unknown,23613,0,0,2908,20705,,,0,2908,0.0,
Stone,Cash loans,Refreshed,middle,126,117,0,9,0,26514360.0,197820.0,117,126,0.9285714285714286,1.0
AP+ (Cash loan),Cash loans,Refreshed,low_action,136,65,0,66,5,58761310.5,896274.0,65,131,0.4961832061068702,1.0
Contact center,Cash loans,New,low_normal,24,22,0,2,0,14319130.5,463500.0,22,24,0.9166666666666666,1.0
Country-wide,Cash loans,Refreshed,low_action,20,14,0,6,0,11485165.5,632263.5,14,20,0.7,1.0
Country-wide,Revolving loans,Unknown,Unknown,11,4,0,7,0,337500.0,78750.0,4,11,0.36363636363636365,1.0
Stone,Cash loans,New,low_normal,14,13,0,1,0,6545394.0,450000.0,13,14,0.9285714285714286,1.0
Contact center,Revolving loans,New,Unknown,6,0,0,0,6,,,0,0,,
Regional / Local,Consumer loans,Unknown,high,3,3,0,0,0,89032.5,35077.5,3,3,1.0,1.0
AP+ (Cash loan),Consumer loans,New,Unknown,3,0,0,1,2,,,0,1,0.0,
Regional / Local,Consumer loans,Repeater,middle,20129,17797,0,2327,5,1643929245.045,79065.0,17797,20124,0.8843669250645995,1.0
Country-wide,Cash loans,Repeater,high,15842,11490,0,4336,16,1667500641.0,123637.5,11490,15826,0.7260204726399596,1.0
Country-wide,Consumer loans,New,middle,33196,31924,6,1264,2,2934800112.105,78025.5,31930,33194,0.9619208290654938,0.9998120889445662
Credit and cash offices,Cash loans,Repeater,high,71842,50698,0,21072,72,12461548056.615002,182983.5,50698,71770,0.7063954298453393,1.0
Credit and cash offices,Cash loans,Refreshed,middle,11526,10235,0,1255,36,3580372710.0,260550.0,10235,11490,0.8907745865970409,1.0
Country-wide,Consumer loans,Refreshed,low_normal,6439,6037,66,334,2,696780032.3100002,94180.5,6103,6437,0.9481124747553208,0.9891856464034081
AP+ (Cash loan),Cash loans,Refreshed,middle,1898,1609,0,285,4,413975227.5,182286.0,1609,1894,0.8495248152059134,1.0
Contact center,Cash loans,Repeater,middle,11001,5239,0,3401,2361,2427919626.06,379008.0,5239,8640,0.6063657407407408,1.0
Regional / Local,Cash loans,Refreshed,high,56,51,0,5,0,9004990.5,135000.0,51,56,0.9107142857142857,1.0
Country-wide,Cash loans,Refreshed,middle,1299,1045,0,254,0,216572260.5,166500.0,1045,1299,0.8044649730561971,1.0
Regional / Local,Revolving loans,New,Unknown,1075,851,0,222,2,40464000.0,45000.0,851,1073,0.7931034482758621,1.0
AP+ (Cash loan),Revolving loans,Unknown,Unknown,8,3,0,5,0,180000.0,45000.0,3,8,0.375,1.0
Country-wide,Cash loans,New,Unknown,95,0,0,32,63,,,0,32,0.0,
Contact center,Cash loans,Refreshed,Unknown,1486,0,0,167,1319,,,0,167,0.0,
AP+ (Cash loan),Cash loans,Unknown,low_normal,9,1,0,8,0,508495.5,508495.5,1,9,0.1111111111111111,1.0
AP+ (Cash loan),Consumer loans,Repeater,Unknown,24,0,0,9,15,,,0,9,0.0,
Country-wide,Cash loans,New,low_action,5,4,0,1,0,1404000.0,342000.0,4,5,0.8,1.0
AP+ (Cash loan),Cash loans,New,low_normal,347,259,0,86,2,137030103.0,450000.0,259,345,0.7507246376811594,1.0
Contact center,Cash loans,Refreshed,low_action,202,86,0,57,59,86151820.5,1129500.0,86,143,0.6013986013986014,1.0
Regional / Local,Cash loans,New,low_normal,22,17,0,5,0,7382385.0,360000.0,17,22,0.7727272727272727,1.0
Stone,Cash loans,Refreshed,low_action,15,10,0,5,0,7687719.0,537174.0,10,15,0.6666666666666666,1.0
Khác,Cash loans,Repeater,high,15,10,0,5,0,2919312.0,236144.25,10,15,0.6666666666666666,1.0
Stone,Consumer loans,Unknown,high,5,4,0,1,0,149769.0,33072.75,4,5,0.8,1.0
AP+ (Cash loan),Consumer loans,Refreshed,Unknown,1,0,0,0,1,,,0,0,,
Stone,Consumer loans,Repeater,middle,38446,33489,0,4949,8,3323787372.36,78165.0,33489,38438,0.8712472032884125,1.0
Country-wide,Consumer loans,Repeater,Unknown,26549,0,18026,8238,285,,,18026,26264,0.6863387145903137,0.0
Credit and cash offices,Revolving loans,Repeater,Unknown,109445,45116,2,23726,40601,14226345000.0,247500.0,45118,68844,0.6553657544593574,0.9999556717939625
Credit and cash offices,Cash loans,Repeater,low_normal,95951,57678,0,37319,954,37634943636.225,518564.25,57678,94997,0.6071560154531196,1.0
Country-wide,Consumer loans,Repeater,low_action,23702,19436,0,4266,0,2576337818.8049994,113706.0,19436,23702,0.82001518859168,1.0
Credit and cash offices,Cash loans,New,Unknown,2329,0,35,81,2213,,,35,116,0.3017241379310345,0.0
AP+ (Cash loan),Cash loans,New,high,2097,1843,0,254,0,306133488.0,139455.0,1843,2097,0.8788745827372437,1.0
Khác,Cash loans,Repeater,low_normal,1991,675,0,1310,6,428506623.0,470790.0,675,1985,0.34005037783375314,1.0
Country-wide,Consumer loans,Refreshed,high,11808,11224,12,562,10,584666561.7,40185.0,11236,11798,0.9523648075945076,0.9989320042719829
Country-wide,Cash loans,Repeater,low_normal,3387,2177,0,1209,1,953710339.5,324000.0,2177,3386,0.6429415239220319,1.0
AP+ (Cash loan),Cash loans,Repeater,Unknown,3369,0,2,1268,2099,,,2,1270,0.0015748031496062992,0.0
Country-wide,Revolving loans,New,Unknown,4006,3250,0,743,13,162135000.0,45000.0,3250,3993,0.813924367643376,1.0
Credit and cash offices,Cash loans,Unknown,Unknown,798,0,0,38,760,,,0,38,0.0,
Khác,Cash loans,Refreshed,low_action,96,31,0,59,6,27740412.0,562500.0,31,90,0.34444444444444444,1.0
Regional / Local,Cash loans,Repeater,middle,971,734,0,237,0,237954501.0,225000.0,734,971,0.7559217301750772,1.0
AP+ (Cash loan),Cash loans,Repeater,low_action,1395,467,0,918,10,461005928.28,1125000.0,467,1385,0.3371841155234657,1.0
Credit and cash offices,Cash loans,Unknown,low_action,7,1,0,6,0,2361226.5,2361226.5,1,7,0.14285714285714285,1.0
Country-wide,Consumer loans,Unknown,low_action,59,50,0,9,0,7816707.0,119819.25,50,59,0.847457627118644,1.0
Credit and cash offices,Cash loans,New,low_action,367,303,0,57,7,425610859.5,1350000.0,303,360,0.8416666666666667,1.0
Regional / Local,Cash loans,New,high,52,46,0,6,0,6972336.0,143910.0,46,52,0.8846153846153846,1.0
Stone,Cash loans,Repeater,low_action,145,66,0,79,0,57653410.5,927936.0,66,145,0.45517241379310347,1.0
Regional / Local,Cash loans,Refreshed,low_normal,108,92,0,16,0,40289422.5,354132.0,92,108,0.8518518518518519,1.0
Contact center,Cash loans,Unknown,middle,23,6,0,8,9,2936245.5,485640.0,6,14,0.42857142857142855,1.0
Stone,Consumer loans,Unknown,low_normal,48,39,0,9,0,5383944.0,145107.0,39,48,0.8125,1.0
Country-wide,Consumer loans,Unknown,Unknown,35,0,32,3,0,,,32,35,0.9142857142857143,0.0
Khác,Consumer loans,Refreshed,low_action,4,1,0,3,0,1134000.0,1134000.0,1,4,0.25,1.0
Khác,Cash loans,Unknown,low_normal,4,0,0,4,0,,,0,4,0.0,
AP+ (Cash loan),Cash loans,Unknown,high,1,0,0,1,0,,,0,1,0.0,
Khác,Cash loans,Refreshed,Unknown,5,0,0,0,5,,,0,0,,
Stone,Cash loans,Repeater,Unknown,5,0,0,1,4,,,0,1,0.0,
Country-wide,Cash loans,Unknown,middle,5,2,0,3,0,489276.0,244638.0,2,5,0.4,1.0
Stone,Consumer loans,Refreshed,middle,7079,6730,0,349,0,688733158.5,81627.75,6730,7079,0.9506992513066818,1.0
Country-wide,Consumer loans,Repeater,high,81242,70368,57,10759,58,3615082683.885,39516.75,70425,81184,0.8674738864800946,0.9991906283280085
Credit and cash offices,Revolving loans,Refreshed,Unknown,9255,5074,0,1778,2403,1402290000.0,225000.0,5074,6852,0.7405137186223001,1.0
Stone,Consumer loans,New,middle,25368,24803,0,563,2,2851169952.15,87052.5,24803,25366,0.9778049357407553,1.0
Country-wide,Consumer loans,Refreshed,low_action,4608,4256,0,350,2,618697768.95,119936.25,4256,4606,0.9240121580547113,1.0
Country-wide,Consumer loans,Refreshed,Unknown,4573,0,3685,862,26,,,3685,4547,0.810424455685067,0.0
AP+ (Cash loan),Cash loans,Repeater,high,7039,4020,0,3018,1,925006745.8800001,180000.0,4020,7038,0.5711849957374254,1.0
AP+ (Cash loan),Revolving loans,Refreshed,Unknown,1946,1253,0,551,142,270922500.0,180000.0,1253,1804,0.6945676274944568,1.0
Stone,Cash loans,Refreshed,low_normal,89,75,0,14,0,26550054.0,270000.0,75,89,0.8426966292134831,1.0
Contact center,Revolving loans,Repeater,Unknown,10658,9336,0,737,585,1609065000.0,135000.0,9336,10073,0.9268341109897746,1.0
Credit and cash offices,Cash loans,New,high,6790,6067,0,719,4,1139392539.0,165226.5,6067,6786,0.8940465664603595,1.0
Khác,Revolving loans,Refreshed,Unknown,160,98,0,58,4,9022500.0,45000.0,98,156,0.6282051282051282,1.0
Regional / Local,Consumer loans,Refreshed,middle,3810,3651,0,159,0,337778725.5,77602.5,3651,3810,0.9582677165354331,1.0
Stone,Cash loans,Repeater,high,609,408,0,201,0,101789482.5,197820.0,408,609,0.6699507389162561,1.0
Khác,Cash loans,New,middle,85,80,0,5,0,32365588.5,367413.75,80,85,0.9411764705882353,1.0
Contact center,Cash loans,Refreshed,low_normal,1406,784,0,279,343,469569334.5,490495.5,784,1063,0.7375352775164629,1.0
AP+ (Cash loan),Cash loans,New,low_action,65,49,0,16,0,63174942.0,1125000.0,49,65,0.7538461538461538,1.0
Contact center,Cash loans,New,middle,251,235,0,11,5,177596208.0,721332.0,235,246,0.9552845528455285,1.0
Credit and cash offices,Cash loans,Unknown,high,15,5,0,10,0,1191411.0,284400.0,5,15,0.3333333333333333,1.0
AP+ (Cash loan),Cash loans,New,Unknown,74,0,0,18,56,,,0,18,0.0,
Country-wide,Consumer loans,Unknown,high,37,33,0,4,0,2256183.0,44941.5,33,37,0.8918918918918919,1.0
Khác,Revolving loans,Unknown,Unknown,6,2,0,2,2,225000.0,112500.0,2,4,0.5,1.0
Khác,Cash loans,Refreshed,high,2,2,0,0,0,287820.0,143910.0,2,2,1.0,1.0
Stone,Cash loans,New,middle,25,20,0,5,0,9650443.5,486382.5,20,25,0.8,1.0
Country-wide,Cash loans,New,low_normal,28,20,0,8,0,6264198.0,232425.0,20,28,0.7142857142857143,1.0
Regional / Local,Cash loans,New,Unknown,1,0,0,0,1,,,0,0,,
Regional / Local,Cash loans,New,low_action,3,3,0,0,0,4438260.0,1350000.0,3,3,1.0,1.0
Country-wide,Consumer loans,New,high,66936,64704,3,2226,3,3229626371.76,38488.5,64707,66933,0.9667428622652503,0.999953637164449
Stone,Consumer loans,Repeater,low_normal,34974,29326,0,5640,8,3812485329.0,95184.0,29326,34966,0.8387004518675285,1.0
Credit and cash offices,Revolving loans,Unknown,Unknown,170,19,0,47,104,6885000.0,337500.0,19,66,0.2878787878787879,1.0
Regional / Local,Revolving loans,Repeater,Unknown,3876,2873,0,991,12,290443500.0,45000.0,2873,3864,0.7435300207039337,1.0
Regional / Local,Consumer loans,Repeater,high,9967,8510,0,1454,3,543168038.25,47634.75,8510,9964,0.8540746688077078,1.0
Regional / Local,Consumer loans,New,low_action,5619,5418,0,201,0,780364071.0,122215.5,5418,5619,0.9642285104111051,1.0
Credit and cash offices,Cash loans,Repeater,middle,116806,89417,0,26949,440,34695522846.58501,287685.0,89417,116366,0.768411735386625,1.0
Country-wide,Cash loans,Repeater,middle,15683,11519,0,4161,3,2449441777.5,152820.0,11519,15680,0.7346301020408164,1.0
Country-wide,Revolving loans,Refreshed,Unknown,2412,1706,0,673,33,161509500.0,45000.0,1706,2379,0.7171080285834385,1.0
Country-wide,Cash loans,Refreshed,high,1116,904,0,211,1,138408853.5,135000.0,904,1115,0.810762331838565,1.0
Khác,Cash loans,Repeater,middle,178,81,0,96,1,34809673.5,315000.0,81,177,0.4576271186440678,1.0
Regional / Local,Cash loans,Repeater,low_normal,913,545,0,365,3,265916560.5,400171.5,545,910,0.5989010989010989,1.0
Khác,Consumer loans,New,low_action,24,22,0,1,1,35304331.5,1114276.5,22,23,0.9565217391304348,1.0
Contact center,Cash loans,Repeater,high,4446,2262,0,1440,744,770067571.5,254700.0,2262,3702,0.6110210696920584,1.0
Credit and cash offices,Cash loans,Refreshed,high,4720,3996,0,718,6,913969894.5,178164.0,3996,4714,0.8476877386508274,1.0
AP+ (Cash loan),Cash loans,Refreshed,high,830,626,0,204,0,119111265.0,148365.0,626,830,0.7542168674698795,1.0
Regional / Local,Consumer loans,New,Unknown,206,0,164,39,3,,,164,203,0.8078817733990148,0.0
Credit and cash offices,Consumer loans,Refreshed,Unknown,94,0,0,0,94,,,0,0,,
Regional / Local,Cash loans,Refreshed,middle,120,103,0,17,0,27191191.5,220662.0,103,120,0.8583333333333333,1.0
Khác,Consumer loans,Repeater,low_action,37,19,0,15,3,21358521.0,1029631.5,19,34,0.5588235294117647,1.0
Contact center,Cash loans,Unknown,low_normal,25,3,0,14,8,2254491.0,544491.0,3,17,0.17647058823529413,1.0
Stone,Consumer loans,Unknown,middle,53,49,0,4,0,4276741.5,68332.5,49,53,0.9245283018867925,1.0
Regional / Local,Consumer loans,Unknown,low_action,20,18,0,2,0,1942852.5,101387.25,18,20,0.9,1.0
